Agence,Gérant,E-mails candidats,Méthode,Note
13 Habitat ( Agence La Marie Technopole ),Eric TAVERNI,bouches-du-rhone@clcv.org; cgl.martigues@gmail.com; contact@marseille.ufcquechoisir.fr; contact@salon-arles.ufcquechoisir.fr; contactinfo@indecosa13.fr; csf.metropole.amp@gmail.com; csflasolidarite@yahoo.fr; fedecgl13@gmail.com; federationcnl13@gmail.com; fo13.afoc@gmail.com; jdl@13habitat.fr; lasolidarite@yahoo.fr; recrutement@13habitat.fr; ulcgl13@gmail.com,cerebras_error,'content'
136 Synergie Immobilière,ROMAIN THIEBAUT,contact@136.fr,none,"emails trouvés mais tous génériques, aucun nominatif disponible"
1789 Immobilier,GEIST YANNICK,m.speisser@mma.fr; y.geist1789@gmail.com,cerebras_error,'content'
56Paris Real Estate,Kerstin Bachmann,aline_sou@hotmail.com; contact@56paris.com; klara@56paris.com,unmatched,Aucune correspondance fiable trouvée
A.G.F.I,Gilles DARROUY,contact@agfi.immo; mentions-legale@sinergic.info; syndic@agfi.immo; webmaster@sinergic.info,unmatched,Aucune correspondance fiable trouvée
A'ZEN IMMO,Aurélie Vrignault,contact@cm2c.net,none,"emails trouvés mais tous génériques, aucun nominatif disponible"
AB IMMOBILIER DESAINT & ASSOCIES,Armel DESAINT; Julie COUESNON,atpi643@orange.fr; atpi77@orange.fr,unmatched,"Aucun des emails candidats ne contient le nom complet, les initiales ou le nom de famille du gérant."
Abeille Immobilier,Yves BECQUE,contact@abeille-immobilier.com,none,"emails trouvés mais tous génériques, aucun nominatif disponible"
Absolu - Immobilier,Gloria Idarraga Munoz,locations@absoluplus.fr,none,"emails trouvés mais tous génériques, aucun nominatif disponible"
ACQUÉRIM Immobilier CARVIN Agence immobilière CARVIN (62220),Christophe MAKUCH,carvin@acquerim.fr; carvin@acquerim.fr.,unmatched,Aucune correspondance fiable trouvée
ADL immobilier,IMMO GESTION,dpo-adl-immo@altij.com; infos@adl-immo.fr,unmatched,"Aucun nom de gérant fourni, aucune correspondance fiable"
ADP Immobilier - Agence du Plateau,Régis DESVIGNES,buxerolles@adp-immobilier.com; contact@adp-immobilier.com; neuville@adp-immobilier.com,unmatched,"Aucun des emails candidats ne contient le nom complet, l'initiale+nom ou le nom de famille du gérant."
AG IDF - Abri Gestion,Monsieur/Madame,contact@agidf.fr,none,"emails trouvés mais tous génériques, aucun nominatif disponible"
Agence 10 Immobilier,Yanessa AUFFRET,agence@diximmobilier.com,none,"emails trouvés mais tous génériques, aucun nominatif disponible"
Agence Agillimmo Conseils,Gilles Testanier,contact@urceram.com; jausyjardin@outlook.fr; m.gastaldi@location-vacances-frejus-corse.fr,cerebras_error,Expecting value: line 3 column 12 (char 28)
Agence Associés Canat et Warton,Frédéric Warton,bandol@canatwarton.com; canatwarton.lacroixvalmer@gmail.com; canatwartoncavalaire@gmail.com; cavalaire@canatwarton.com; contact@straphaelcanatwarton.com; hyeres@canatwarton.com; sanary@canatwarton.com; toulon@canatwarton.com,cerebras_error,'content'
Agence Barnoud,ORALIA PARTENAIRES,barnoud@barnoud-immobilier.fr; e.bosredon@barnoud-immobilier.fr,unmatched,"Aucun email ne contient le nom complet, l'initiale + nom ou le nom de famille du gérant."
Agence Bidault Immobilier La Celle Saint Cloud,Julien BIDAULT,contact@agencebidault.immo,none,"emails trouvés mais tous génériques, aucun nominatif disponible"
Agence C . L . P Immobilier,Quentin CHABAUD,contact.immobilier.26@gmail.com; mail@clp-immobilier-montelimar.com; trackingsolutionimmo@gmail.com,cerebras_error,Unterminated string starting at: line 3 column 13 (char 29)
Agence Croisette Marina,Christian CARTIER,info@agenceacm.fr,none,"emails trouvés mais tous génériques, aucun nominatif disponible"
Agence de Havilland,David BEHAR,agence@dehavilland.fr,none,"emails trouvés mais tous génériques, aucun nominatif disponible"
Agence du Château,François MANSANA,lagenceduchateau2@wanadoo.fr; lagenceduchateau3@wanadoo.fr; lagenceduchateau4@wanadoo.fr; lagenceduchateau@wanadoo.fr; mediation@vivons-mieux-ensemble.fr,unmatched,"Aucun des emails candidats ne contient le nom complet, l'initiale du prénom + nom, ni le nom de famille seul du gérant."
Agence du Cousson,Paul Rolland,contact@anmconso.com,none,"emails trouvés mais tous génériques, aucun nominatif disponible"
Agence du Levant,Dominique Lemmi; Marie-Laurence Capomaccio,contact@agencedulevant.fr,none,"emails trouvés mais tous génériques, aucun nominatif disponible"
Agence du Vieux Port,Emilie Maiche,info@agence-duvieuxport.fr,none,"emails trouvés mais tous génériques, aucun nominatif disponible"
Agence Elod'Immo,Elodie SALLES,elodimmo.14@orange.fr; mediation@vivons-mieux-ensemble.fr,cerebras_error,Unterminated string starting at: line 3 column 13 (char 29)
Agence Eoria Immobilier,Jean-Charles Mathien,caen@eoria-immobilier.fr; l.lanfant@eoria-immobilier.fr; paris@eoria-immobilier.fr,unmatched,"Aucun des emails candidats ne contient le nom complet, l'initiale du prénom + nom de famille, ni le nom de famille seul du gérant."
Agence Guynemer,Fabrice Cauvin,contact@la-boite-immo.com; info@agence-guynemer.com,none,"emails trouvés mais tous génériques, aucun nominatif disponible"
Agence Imm-Hop,Hans Ryckeboer (Directeur général); Natacha Bouchart (Présidente du conseil d’administration de Terre d’Opale Habitat),contact@terredopalehabitat.fr,none,"emails trouvés mais tous génériques, aucun nominatif disponible"
Agence Immo Déclic Blotzheim,Vincent Fritsch,contact@immo-declic.com,none,"emails trouvés mais tous génériques, aucun nominatif disponible"
Agence immobilière - CASANOVA immobilier - Montpellier centre-ville Ecusson,Dominique Le Tallec,,none,aucun candidat : nom/domaine de l'agence introuvable dans le fichier scrapé
Agence immobilière - La Ref' Immobilier,Cyril LOUETTE,contact@anm-mediation.com; contact@laref-immobilier.com,none,"emails trouvés mais tous génériques, aucun nominatif disponible"
Agence immobilière Amarine SETE Plages,Julien MARTIN,contact@immobilier-amarine.com,none,"emails trouvés mais tous génériques, aucun nominatif disponible"
Agence Immobilière APPARIGLIATO Immobilier 31700 Blagnac,Pascal APPARIGLIATO,contact@apparigliato-immobilier.fr,none,"emails trouvés mais tous génériques, aucun nominatif disponible"
Agence immobilière ASD Immobilier Le Blanc-Mesnil Immobilier,SOPHIE DHAINE,asd.immobilier@orange.fr; mediation@vivons-mieux-ensemble.fr,cerebras_error,'content'
Agence immobilière At Home Paris 10 Saint Martin,André SIMON,contact@agenceathome.com,none,"emails trouvés mais tous génériques, aucun nominatif disponible"
Agence immobilière Aux Demeures Normandes,Emmanuel GENTY,adn@adnvernon.immo; http://adn@adnvernon.immo; jacques@martin.com,cerebras_error,Expecting property name enclosed in double quotes: line 1 column 2 (char 1)
Agence immobilière Cabinet De La Cité Perpignan,Thomas DRENO; Jean-Baptiste DESBOEUFS,location@cabinetdelacite.fr; mediation@vivons-mieux-ensemble.fr; syndic@cabinetdelacite.fr; transaction@cabinetdelacite.fr,unmatched,"Aucun des emails candidats ne contient le nom complet, les initiales ou le nom de famille du gérant."
Agence Immobilière Cabinet Lazon,Nicole DOMPE,jm.laval@agence-lazon-immobilier.com; l.petrella-tirone@cabinetlazon.fr; massard.lazon@orange.fr,unmatched,"Aucun des emails candidats ne contient le nom complet, l'initiale + nom ou le nom de famille du gérant, donc aucune correspondance fiable."
Agence immobilière Cannes BOUMANN IMMOBILIER,L.G.P.,agenceducannet@orange.fr; arnaud@boumann.immo; contact@boumann.immo; emilie@boumann.immo; geraldine@boumann.immo; laurane@boumann.immo; laurentgiraud@boumann.immo; olivier@boumann.immo; sacha@boumann.immo; transactions@boumann.immo,cerebras_error,'content'
Agence Immobilière de Linselles,Anne Coudon,contact@immolinselles.fr,none,"emails trouvés mais tous génériques, aucun nominatif disponible"
Agence Immobiliere des Tanneurs,Cyril BOURELLY ; Stéphanie BOUVIER-PACALY,contact@logilink.fr; contact@pnm-expertise.com; contact@vpiconseil.fr; npoggiale@wanadoo.fr; vcp-immobilier@orange.fr,unmatched,"Aucun des emails candidats ne contient le nom complet, les initiales ou le nom de famille du gérant."
Agence immobilière DMG Immo Paris 17,David Marchenoir,contact@dmgimmo.com,none,"emails trouvés mais tous génériques, aucun nominatif disponible"
Agence Immobilière Duchesne - Saint-Louis,KUNTZELMANN Stéphane,contact@anm-conso.com,none,"emails trouvés mais tous génériques, aucun nominatif disponible"
Agence immobilière ERA Rouvière Immobilier ️ ️ ️ ️ ️ Les Avenières Veyrins-Thuellin,Thomas Rouviere,agencejosephine@erafrance.com; aixaequo@erafrance.com; altea@erafrance.com; anne.palmitessa@eraimmo.fr; c.coulon@eraimmo.fr; cap-ocean@erafrance.com; citedalby@erafrance.com; comte-aix@erafrance.com; janice.gauthier@eraimmo.fr; mentions-legales@erafrance.com; pontdelarc@erafrance.com; rouviere.lucie@eraimmo.fr; rouviereimmo@erafrance.com; sandrine.carbonnier@eraimmo.fr; scit@erafrance.com,cerebras_error,'content'
Agence immobilière Evian FRISON immobilier,Johan FRISON,contact@frison.immo; contact@medimmoconso.fr,none,"emails trouvés mais tous génériques, aucun nominatif disponible"
Agence Immobilière Gestimmo Sète & Gigean,Monsieur ROSSI,contact@gestimmo.fr; info@meubles-moreau-frontignan.fr; isa.auvergne@gmail.com; lecaveauvoltaire@live.fr; sete@cabinetboguet.com; sete@meilleurtaux.com,unmatched,Aucun des emails candidats ne contient le nom de famille Rossi selon les critères de correspondance fiables.
Agence immobilière GUETTA IMMOBILIER L'Haÿ-les-Roses Chevilly-Larue,Jonathan Guetta,bmf.freixo@gmail.com; contact@av-transaction.immo; direction@adonis-paris-sud.com; email@address.com; flavieagencealamaison@hotmail.com; lhaylesroses@guettaimmobilier.com,cerebras_error,'content'
Agence Immobilière HomeSide Immobilier,David Mathieu,contact@homeside.fr,none,"emails trouvés mais tous génériques, aucun nominatif disponible"
Agence immobilière K2p Immobilier Colmar,Mathieu Klein,contact@medimmoconso.fr,none,"emails trouvés mais tous génériques, aucun nominatif disponible"
"Agence immobilière L'Agence Royan - Gestion Locative, Location, Vente.",Benoit Thomas,contact@agence-royan.com,none,"emails trouvés mais tous génériques, aucun nominatif disponible"
Agence Immobilière L'Occitane,David GOTTI,,none,aucun candidat : nom/domaine de l'agence introuvable dans le fichier scrapé
Agence Immobilière la Berrichonne SARL,Patrice MEUNIER,immo.laberrichonne@wanadoo.fr,none,"emails trouvés mais tous génériques, aucun nominatif disponible"
Agence immobilière Le Havre - Cabinet MARIE,Romain DELATTRE,contact@cabinetmarie.com,none,"emails trouvés mais tous génériques, aucun nominatif disponible"
Agence Immobilière Le Mans sud - 72 Immobilier ( estimer et vendre sa maison ou son appartement en Sarthe),Marielle Maufrais (nom de naissance : Marielle Puechoultres),agence@72immobilier.fr,none,"emails trouvés mais tous génériques, aucun nominatif disponible"
Agence immobilière Lesage à Vernon,Thomas Lesage,agence.lesage@orange.fr,none,"emails trouvés mais tous génériques, aucun nominatif disponible"
Agence immobilière METZ - ADRIA Immobilier Metz - Jessica Desogus,Antonio LUCA,jessica.desogus@adriaimmo.fr; ric.leclerc@adriaimmo.fr,cerebras_error,'content'
Agence immobilière Meyzieu LIONROSE,Youssra Boudhir,chassieu@lionrose.fr; jonage@lionrose.fr; meyzieu@lionrose.fr; recrutement@lionrose.fr; st.priest@lionrose.fr; vincent.demoule@lionrose.fr,unmatched,"Aucun des emails candidats ne contient le nom complet, l'initiale du prénom + nom de famille, ni le nom de famille seul de Youssra Boudhir."
Agence immobilière MONTPELLIER - URBAN IMMO PORT MARIANNE,Mme FOLIO,contact@urbanimmo.com,none,"emails trouvés mais tous génériques, aucun nominatif disponible"
Agence Immobilière Nice - Gestion Cassini,Éric Martin,contact@gestioncassini.com,none,"emails trouvés mais tous génériques, aucun nominatif disponible"
Agence immobilière Tours - Agence.immo,Jérémy JAUJARD,a.balichard@agence.immo; a.blanchard@agence.immo; a.coudret@agence.immo; a.deshais@agence.immo; a.grizzo@agence.immo; a.imperatori@agence.immo; a.prenant@agence.immo; a.prenant@cession.expert; a.renaud@agence.immo; a.reverdy@agence.immo; a.wacheux@agence.immo; b.boheme@agence.immo; b.bouhours@agence.immo; b.bouhours@agencimmo.com; b.constantin@agence.immo; b.taupin@agence.immo; c.auger@agence.immo; c.carrion@agence.immo; c.cazenave@agence.immo; c.charlet-six@agence.immo; c.duveau@agence.immo; c.fratellia@agence.immo; c.gilbert@agence.immo; c.grangis@agence.immo; c.labarere@agence.immo; c.lemarchand@agence.immo; c.marechal@agence.immo; c.quatrevieux@agence.immo; c.soil@agence.immo; c.tate@agence.immo; c.trinquier@agence.immo; christophe.charlet@six.immo; clabarere@agence.immo; contact@solution.immo; d.bussereau@agence.immo; d.delhon@agence.immo; d.duveau@agence.immo; d.orsatelli@agence.immo; d.pfohl@agence.immo; e.cordier@agence.immo; e.dallier@agence.immo; e.forgit@agence.immo; eg@agence.immo; eugenie.chemin@agence.immo; f.caradonna@agence.immo; f.dael@agence.immo; f.debouverie@agence.immo; f.dubois@agence.immo; f.madou@agence.immo; f.porchy@agence.immo; f.riot@agence.immo; f.virama@agence.immo; fs@agence.immo; g.daguerre@agence.immo; g.guillaud@agence.immo; g.laroche@agence.immo; g.lherbier@agence.immo; g.niehaus@agence.immo; gd@agence.immo; gg@agence.immo; gugericimmo@gmail.com; h.ley@agence.immo; h.raynal@agence.immo; i.raynaud@agence.immo; i.vignon@agence.immo; i.vignon@agencimmo.com; info@solution.immo; j.bazin@agence.immo; j.charlois@agence.immo; j.genot@agence.immo; j.heyob@agence.immo; j.ireland@agence.immo; j.rochon@agence.immo; jf.becquignon@agence.immo; jj@agence.immo; jlc@agence.immo; jm.brisset@agence.immo; jp.helin@agence.immo; l.brault@agence.immo; l.coudret@agence.immo; l.crouau@agence.immo; l.daulier@agence.immo; l.garrigou@agence.immo; l.minni@agence.immo; m.biol@agence.immo; m.bouillant@agence.immo; m.boutin@agence.immo; m.grosdoigt@agence.immo; m.jaouanet@agence.immo; m.kanane@agence.immo; m.menon@agence.immo; m.mistre@agence.immo; m.morais@agence.immo; m.mouradian@agence.immo; m.zighem@agence.immo; madame.auger@agence.immo; mc.dubosc@agence.immo; mh.jeantaud@agence.immo; mjc@agence.immo; ml.lecomte@agence.immo; mp@agence.immo; n.alfonsi@agence.immo; n.avenet@agence.immo; n.carrard@agence.immo; n.costa@agence.immo; n.pointe@agence.immo; n.serrot@agence.immo; n.tessier@agence.immo; nora.legrand@agence.immo; nsc@agence.immo; obp@agence.immo; p.charton@agence.immo; p.duval@agence.immo; p.launay@agence.immo; p.leblanc@agence.immo; p.lemouton@agence.immo; p.lotellier@agence.immo; p.prieto@agence.immo; p.robert@agence.immo; p.rodriguez@agence.immo; pk@agence.immo; r.marie@agence.immo; r.nougier@agence.immo; r.vilna@agence.immo; r.vilna@neuf.immo; s.alfaro@agence.immo; s.audoin@agence.immo; s.blouin@agence.immo; s.bouhamdi@agence.immo; s.escobar@agence.immo; s.heliere@agence.immo; s.madouas@agence.immo; s.madouas@agence.immo.com; s.madouas@agencimmo.com; s.maillard@agence.immo; s.martinot@agence.immo; s.mary@agence.immo; s.suize@agence.immo; s.trochet@agence.immo; sbb@agence.immo; t.chasles@agence.immo; t.coudret@agence.immo; t.pele@agence.immo; u003ea.renaud@agence.immo; u003eb.bouhours@agencimmo.com; u003econtact@solution.immo; u003ee.cordier@agence.immo; u003ep.lemouton@agencimmo.com; v.arino@agence.immo; v.arnaud@agence.immo; vgs@agence.immo; w.striby@agence.immo; x.allain@agence.immo; y.olivier@agence.immo; yl@agence.immo,cerebras_error,'content'
Agence immobilière- ANNE CAROLE IMMOBILIER- LE PERREUX SUR MARNE,Richard JOSEPH (président) ; Caroline BARRÉ (DG) ; Annick JOSEPH (DG),ab2@annecarole.com; ab@annecarole.com; aclp@annecarole.com; acsa@annecarole.com; acsarl@annecarole.com; asster@annecarole.com; d.fellous@annecarole.com; rgsimmobilier@annecarole.com; triangledor@annecarole.com,cerebras_error,'content'
Agence Jaspe,Jean Philippe Fargier,contact@agence-jaspe.fr,none,"emails trouvés mais tous génériques, aucun nominatif disponible"
Agence KAYA IMMOBILIER,Fatih KAYA,contact@kayaimmobilier.com,none,"emails trouvés mais tous génériques, aucun nominatif disponible"
Agence La Royannaise,Stéphanie ROBERT,agence@laroyannaise.fr,none,"emails trouvés mais tous génériques, aucun nominatif disponible"
Agence LESCURE IMMOBILIER,Texier Y,contact@lescureimmobilier.com,none,"emails trouvés mais tous génériques, aucun nominatif disponible"
Agence Lorz Immobilier,Stéphane Lorz,agence.lorz@orange.fr; contact@anmconso.com,none,"emails trouvés mais tous génériques, aucun nominatif disponible"
Agence Murat Immo,Grégoire MURAT,contact@anmconso.com,none,"emails trouvés mais tous génériques, aucun nominatif disponible"
Agence Nord - Les Résidences de l'Orléanais,Philippe Parnet dit Mortel,achats.marches@residences-orleanais.fr; identifiant@domaine.fr; test@yahoo.fr,cerebras_error,'content'
Agence Nouveau Propriétaire,Anthony ASTIER,contact@nouveau-proprietaire.fr,none,"emails trouvés mais tous génériques, aucun nominatif disponible"
Agence ONESTIM Immobilier Montbrison,Thibaut CHANUT,,none,aucun candidat : nom/domaine de l'agence introuvable dans le fichier scrapé
Agence POURPR'IMMO,Fabrice LOPEZ,agence@pourprimmo.com,none,"emails trouvés mais tous génériques, aucun nominatif disponible"
AGENCE REPUBLIQUE,Brigitte PALETOU-BERRY (nom de naissance : Brigitte Schauss),assistante.repimmo@orange.fr; repimmo.gestion@orange.fr; repimmo@wanadoo.fr; transac.repimmo@orange.fr,unmatched,"Aucun des emails candidats ne contient le nom complet, l'initiale+nom ou le nom de famille du gérant."
Agence Saint Maur,Hadrien Dupas,hd@agencesaintmaur.fr; mediation@vivons-mieux-ensemble.fr,unmatched,"Aucun des emails candidats ne contient le nom complet, le prénom + nom ou le nom seul du gérant selon les critères"
Agence TOULZAC & NOWAK Immobilier - RAMBOUILLET,Jérémy Toulzac,albertlevy@gmail.com; angelica.rodriguezmurillo21@gmail.com; christian.bouvier@sfr.fr; contact@toulzacetnowakimmobilier.com; dominique.debette@debette.fr; duc.dujeancourt@orange.fr; eric_rogier@hotmail.com; gaelle.quoirez@gmail.com; jacques.tourneux@orange.fr; julien.sayonanelia121212@gmail.com; lacroix_isabelle@hotmail.fr; michel@camboulives.fr; muriel.leblond35@gmail.com; rodrigues_sergio@outlook.fr; valerie.toulzac@gmail.com; valerietoulzac@gmail.com,cerebras_error,'content'
Agence Valimmo,Sabine DUPRAT,contact@valimmo.fr,none,"emails trouvés mais tous génériques, aucun nominatif disponible"
Agence Vancia Immobilier Rillieux-la-Pape,Alexia SIGISMEAU,gestionloc@vancia-immobilier.fr; mediation@vivons-mieux-ensemble.fr; nancymediation@vivons-mieux-ensemble.fr; transac@vancia-immobilier.fr,unmatched,"Aucun des emails candidats ne contient le nom complet, l'initiale + nom ou le nom de famille du gérant."
Agence Vigne,Laure VIGNE,info@agence-vigne.com,none,"emails trouvés mais tous génériques, aucun nominatif disponible"
Agence Welcome Vendargues - Agence Immobilière,Maxime WAFFLART,contact@agence-welcome.fr; contact@immomediateurs.com,none,"emails trouvés mais tous génériques, aucun nominatif disponible"
Agil Immobilier,Romain KRIEF,contact@agil-immobilier.fr; contact@leparcimmobilier.com; contact@verdesse-immobilier.com,none,"emails trouvés mais tous génériques, aucun nominatif disponible"
AJP Immobilier Merignac,Jean-Philippe HAMON,dpo@ajp-immobilier.com; entreprises@ajp-immobilier.com; merignac@ajp-immobilier.com,unmatched,"Aucun des emails candidats ne contient le nom complet, l'initiale du prénom + nom de famille, ni le nom de famille seul du gérant."
AKOMI,KATUSZYNSKI Christophe,contact@akomi.fr,none,"emails trouvés mais tous génériques, aucun nominatif disponible"
Alliade Habitat Agence Velay Vivarais,Serge Bernard,mobilite-pro@alliade.com; relations-institutionnelles@alliade.com,unmatched,Aucune correspondance fiable trouvée
ALTKIRCH IMMOBILIER,Jerome BROGLE,info@altkirch-immo.com,none,"emails trouvés mais tous génériques, aucun nominatif disponible"
Amberia Immobilier - Agence Saint-Jean le Blanc,Alexandre HENNIG,contact@sasmediationsolution-conso.fr,none,"emails trouvés mais tous génériques, aucun nominatif disponible"
Angers Loire habitat,Laurent BORDAS,devenir.proprietaire@angers-loire-habitat.fr; dpo@angers-loire-habitat.fr; nom@email.fr,unmatched,"Aucun des emails candidats ne contient le nom complet, l'initiale + nom ou le nom de famille du gérant."
Ao Immobilier,Arnaud Briffault,contact@aoimmobilier.com,none,"emails trouvés mais tous génériques, aucun nominatif disponible"
APImmobilier La Grand-Croix,CALI Vincent,anneyron@api-transaction.fr; condrieu@api-transaction.fr; julie.derail@api-location.fr; lagrandcroix@api-transaction.fr; laure.lefebvre@api-vente.fr; manon.tinthoin@api-location.fr; olivier.valla@api-vente.fr; pelussin@api-transaction.fr; thomas.gourdin@api-vente.fr,cerebras_error,Unterminated string starting at: line 3 column 13 (char 29)
APPARTAIXQUIS,Romain,exemple@monsite.com; nfo@appartaixquis.com,unmatched,Aucune correspondance fiable trouvée
Aramisimmo Gaillac - Immobilier Axe A68,Youness AHARRAM,aramisimmo@gmail.com; karen.aramisimmo@gmail.com,unmatched,Aucune correspondance fiable trouvée entre le nom du gérant et les adresses candidates.
ARIK PROPERTY,Anthony Suissa,contact@arikproperty.fr,none,"emails trouvés mais tous génériques, aucun nominatif disponible"
Arthur Loyd Orléans,Virginie SIRIEX,orleans@arthur-loyd.com; pierreananou@gmail.com; pierreananou@naauno.com,unmatched,Aucune correspondance fiable trouvée
Atrium Rentals,Julien LALLEMENT,contact@atriumrentals.com,none,"emails trouvés mais tous génériques, aucun nominatif disponible"
Au boudu toit,Monsieur MALAVIALLE,agence-immo@auboudutoit.com,none,"emails trouvés mais tous génériques, aucun nominatif disponible"
AURELIE PATINIER,Lanig DAOULAS,bordeaux@notatlantique.notaires.fr; gemozac@notatlantique.notaires.fr; labaule@notatlantique.notaires.fr; larochelle@notatlantique.notaires.fr; latremblade@notatlantique.notaires.fr; meschers@notatlantique.notaires.fr; montoir@notatlantique.notaires.fr; perigny@notatlantique.notaires.fr; re@notatlantique.notaires.fr; royan@notatlantique.notaires.fr; saint-nazaire@notatlantique.notaires.fr; saintporchaire@notatlantique.notaires.fr,unmatched,"Aucun des emails candidats ne contient le nom complet, l'initiale + nom ou le nom de famille du gérant, donc aucune correspondance fiable."
Axiome immobilier,Pierre-Marie POIRIER,contact@axiome-immobilier.fr,none,"emails trouvés mais tous génériques, aucun nominatif disponible"
AXO - Agence Immobilière - Siège National Angers,Pierre-Nelson OUVRARD,acpages@axo.immo; contact@axo.immo; nboutier@axo.immo; nfontenier@axo.immo; rjablonski@axo.immo; slequeu@axo.immo; tdumoulin@axo.immo; vanghel@axo.immo; vbayol@axo.immo; vrenault@axo.immo,unmatched,"Aucun des emails candidats ne contient le nom complet, l'initiale du prénom + nom de famille, ni le nom de famille seul du gérant."
AXO Immobilier Nantes Chantenay,Pierre-Nelson OUVRARD,contact@axo.immo,none,"emails trouvés mais tous génériques, aucun nominatif disponible"
Bailet immobilier,Laurent Bailet,vente@bailet.fr,none,"emails trouvés mais tous génériques, aucun nominatif disponible"
Bapimmo Normandie,Eustacchio Philippe,bapimmo-normandie@orange.fr; bapimmo-syndic@orange.fr,unmatched,Aucune correspondance fiable trouvée
Barbera Delhaye,Jacques DELHAYE,contact@etude-barbera.com,none,"emails trouvés mais tous génériques, aucun nominatif disponible"
Belon Immobilier,Michael Canaveira,,none,aucun candidat : nom/domaine de l'agence introuvable dans le fichier scrapé
Beryl Immobilier,Gilles ZANA,contact@berylimmobilier.fr,none,"emails trouvés mais tous génériques, aucun nominatif disponible"
BINEL IMMOBILIER,Chamayou Didier,contact@binel.fr,none,"emails trouvés mais tous génériques, aucun nominatif disponible"
BLEU IMMOBILIER,Jean-Paul FURRER ; Sylvain PIERRE,contact@bleuimmo.com,none,"emails trouvés mais tous génériques, aucun nominatif disponible"
BOS Immobilier,Jean-François BOS,contact@anm-conso.com,none,"emails trouvés mais tous génériques, aucun nominatif disponible"
Briel & Partners,Stéphane BRIEL,florence@briel-partners.com; gestion@briel-partners.com; isabelle@briel-partners.com; me.merceret@gmail.com; moe-sv@hotmail.com; recrutement@briel-partners.com; virginie@briel-partners.com,unmatched,"Aucun des locaux d'email ne contient le nom complet, les initiales ou le nom de famille du gérant."
Bruyere Immo FOURMIES,Loïc Bruyère,rh@bruyere-immobilier.com,none,"emails trouvés mais tous génériques, aucun nominatif disponible"
Btz Immobilier,Daniel IRIBARREN,+contact@homeasy.fr; email@de_mon_ami.com; ventes@btzimmobilier.com,unmatched,Aucune correspondance fiable trouvée
C. E. G. I Cabinet Etude Gestion Immobilière,Francis ELOY,contact@adbinfo.fr,none,"emails trouvés mais tous génériques, aucun nominatif disponible"
Cabinet Barthès - Valras-Plage,Frédéric Malquier,barthes@cabinet-barthes.fr; c.lengagne@cabinet-barthes.fr,unmatched,"Aucun des emails candidats ne contient le nom complet, les initiales ou le nom de famille du gérant."
Cabinet Benoit,Loïc MOUILLEBOUCHE,contact@immobilier-benoit.com,none,"emails trouvés mais tous génériques, aucun nominatif disponible"
Cabinet Castan,Guillaume Castan,contact@cabinetcastan.com,none,"emails trouvés mais tous génériques, aucun nominatif disponible"
Cabinet Daniel Attias,M. ATTIAS DANIEL,gestion@cda-immobilier.com; info@cda-immobilier.com,none,"emails trouvés mais tous génériques, aucun nominatif disponible"
Cabinet Daniel Martin - Agence Immobilière,MARTIN COUMET Nathalie,contact-admin@medconsodev.eu,none,"emails trouvés mais tous génériques, aucun nominatif disponible"
Cabinet DREUX,Dreux Théo,contact@anm-conso.com,none,"emails trouvés mais tous génériques, aucun nominatif disponible"
Cabinet Even Du Fou - agence immobilière Dijon,Estelle Chevillon,contact@medicys.fr,none,"emails trouvés mais tous génériques, aucun nominatif disponible"
Cabinet EYE IMMO,VIDAL Pauline,info@eye-immo.com,none,"emails trouvés mais tous génériques, aucun nominatif disponible"
Cabinet Favreau Gentilly Transaction,Emmanuel BOURDEAUX,agence.couleeverte@lesagencesprimo.com; agence.sceauxparc@lesagencesprimo.com; contact@lesagencesprimo.com,none,"emails trouvés mais tous génériques, aucun nominatif disponible"
Cabinet Jh Immobilier,Jonathan HOLCMAN,contact@jhimmobilier.fr,none,"emails trouvés mais tous génériques, aucun nominatif disponible"
Cabinet Joël PIZY,Arnaud PIZY ; Stéphanie Francine PIZY,contact@cabinet-joel-pizy.com,none,"emails trouvés mais tous génériques, aucun nominatif disponible"
CABINET LAUGIER FINE,Auguste LAFON,a.sabre@cabinet-laugier.fr; b.hibernac@cabinet-laugier.fr; c.charvet@cabinet-laugier.fr; c.perrin@cabinet-laugier.fr; g.christolomme@cabinet-laugier.fr; g.ginu@cabinet-laugier.fr; g.murian@cabinet-laugier.fr; h.florens@cabinet-laugier.fr; j.nahon@cabinet-laugier.fr; m.bourlier@cabinet-laugier.fr; m.dray@cabinet-laugier.fr; p.crelleux@cabinet-laugier.fr,cerebras_error,'content'
Cabinet Marty,Vanessa Delaux,marty@immobilier-toulouse.net; martygestion@immobilier-toulouse.net; martysyndic@immobilier-toulouse.net,unmatched,"Aucun des emails candidats ne contient le nom complet, l'initiale + nom ou le nom de famille du gérant."
CABINET MERENGONE & ASSOCIES,Laurent Merengone,contact@cabinet-merengone.com,none,"emails trouvés mais tous génériques, aucun nominatif disponible"
Cabinet PETRUCCI CONVERT,Olivier PETRUCCI,contact@cpc.immo; location@cpc.immo; mail@cpc.immo; trackingsolutionimmo@gmail.com,unmatched,"Aucun des emails candidats ne contient le nom complet, l'initiale du prénom + le nom de famille, ni le nom de famille seul du gérant."
Cabinet Roumilhac-JOURDAN,Stéphane JOURDAN ; Antoine WATCHI,41morizet@cabinetjourdan.com; 4louisemichel@cabinetjourdan.com; 52leclerc@cabinetjourdan.com; 58beaubourg@cabinetjourdan.com; 91bisaguesseau@cabinetjourdan.com; agencedescolombes@cabinetjourdan.com; cgc@cabinetjourdan.com; s.karnier.ngp@cabinetjourdan.com; transaction.adc@cabinetjourdan.com; transaction91@cabinetjourdan.com; transaction@cabinetjourdan.com,cerebras_error,'content'
Cabinet Weiss Immobilier,Nicolas LHERITIER,contact@cpauvergne.fr,none,"emails trouvés mais tous génériques, aucun nominatif disponible"
CAP' IMMOMAGNY,Gwenaëlle ABITBOL,contact@capimmomagny.com,none,"emails trouvés mais tous génériques, aucun nominatif disponible"
Casavo,Victor Ranieri,aide@casavo.com; assistenza@casavo.com; dpo@casavo.com; gdpr@casavo.com; jean.dupont@email.com; jean.dupont@mail.com; manutenzione-postvendita@casavo.com; mario.rossi@email.com; mario.rossi@mail.com; marketing.italy@casavo.com; press@casavo.com; presse@casavo.com; u003edpo@casavo.com,unmatched,"Aucun des emails candidats ne contient le nom complet, l'initiale du prénom + le nom, le nom + l'initiale, ou le nom de famille seul de Victor Ranieri."
Castrimmo,Lucien GUY,contact@castrimmo.fr; location.castrimmo@orange.fr,none,"emails trouvés mais tous génériques, aucun nominatif disponible"
Catherine SERR IMMOBILIER Aix-en-Provence,Catherine Serr,contact@csimmo.fr; mail@catherineserr.com; trackingsolutionimmo@gmail.com,unmatched,Aucune correspondance fiable selon les critères
Caza Immobilier - Camblanes,Thomas FAUSSAT,accueil@cazaimmobilier.com,none,"emails trouvés mais tous génériques, aucun nominatif disponible"
"CAZE HOME : agence immobilière Gironde (vente, location, estimation)",Thomas Cochet,contact@clave-immo.com; votre.adresse@email.com; vous@email.fr,unmatched,"Aucun des emails candidats ne contient le nom complet, l'initiale + nom ou le nom de famille du gérant."
CEGIP,Joan MAAGER,,none,aucun candidat : nom/domaine de l'agence introuvable dans le fichier scrapé
Centre Immo,Anthony DESMERO ; Julien DI GIACOMO,centreimmo.cotebleue@gmail.com; centreimmo.lerove@gmail.com; centreimmo@gmail.com,unmatched,"Aucun des emails candidats ne contient le nom complet, les initiales ou le nom de famille du gérant."
CHAIX IMMOBILIER,Marlène Chaix,location@chaiximmobilier.com,none,"emails trouvés mais tous génériques, aucun nominatif disponible"
Charles Loftie Immobilier,Nicholas Darius Roger Washbourne,direction@charles-loftie-immo.com; info@charles-loftie-immo.com,none,"emails trouvés mais tous génériques, aucun nominatif disponible"
Chloé Denizot - Kw Forez Vert,Chloe Denizot,contact@anm-mediation.com,none,"emails trouvés mais tous génériques, aucun nominatif disponible"
Cité Nouvelle Siège social,Élodie Aucourt Pigneau,mobilite-pro@alliade.com; relations-institutionnelles@alliade.com,unmatched,Aucune correspondance fiable trouvée
CityGest Boixadera Narbonne,Jérôme Massot ; Patrick Rigaud,accueilcanet@citygest.immo; accueilcollioure@citygest.immo; accueillebarcares@citygest.immo; accueilnarbonne@citygest.immo; accueilperpignan@citygest.immo; accueilsaintcyprien@citygest.immo; transactiongruissan@citygest.com; transactionnarbonneplage@citygest.immo; transactionsaintpierrelamer@citygest.immo; transactionvalras@citygest.immo,cerebras_error,'content'
Clerdome,Mme Charlotte Grondin,contact@clerdome.fr,none,"emails trouvés mais tous génériques, aucun nominatif disponible"
CLF Immo Gérance,Flavien François,contact@clfimmogerance.com,none,"emails trouvés mais tous génériques, aucun nominatif disponible"
Co.fi.mo,Henrique FONSECA DE MAGALHAES,hdmcofimo@orange.fr; nadiavaleix-cofimo@orange.fr,cerebras_error,'content'
COFFIM,Dominique Dutreix,coffim@immotalk.com; gap@emersons.fr; la-cotellerie@emersons.fr; m.maes@coffim.fr; mainstream@3cent60.net,unmatched,"Aucun des emails candidats ne contient le nom complet, l'initiale du prénom + nom de famille, ni le nom de famille seul du gérant Dominique Dutreix."
COMPARET IMMOBILIER,David Comparet,aixlesbains@comparetimmobilier.com; jl.fayolle@comparetimmobilier.com; l.yu@comparetimmobilier.com; m.lieuze@comparetimmobilier.com; m.pacoud@comparetimmobilier.com; s.parra@comparetimmobilier.com,unmatched,"Aucun des emails candidats ne contient le nom complet, l'initiale du prénom + le nom de famille, ni le nom de famille seul du gérant."
Connexion Immobilier,Eric BOUTARD,abbesses@connexion.immo; batignolles@connexion.immo; belledemai@connexion.immo; bretagne@connexion.immo; canebiere@connexion.immo; damremont@connexion.immo; eb@connexion.immo; guymoquet@connexion.immo; loc@connexion.immo; monge@connexion.immo; mozart@connexion.immo; republique@connexion.immo; saintgeorges@connexion.immo; saintmartin@connexion.immo; saintvincent@connexion.immo; trudaine@connexion.immo,cerebras_error,Unterminated string starting at: line 3 column 13 (char 29)
Consil Immobilier,Carlos MONTORO,jean.dupont@gmail.com; montpelliersud@consilimmobilier.com,cerebras_error,Expecting property name enclosed in double quotes: line 1 column 2 (char 1)
Coopimmo,Manuel Laforest,contact@coopimmo.fr; email@exemple.com; exemple@mail.com; rgpd@coopimmo.fr,unmatched,"Aucun des emails candidats ne contient le nom complet, l'initiale + nom ou le nom de famille du gérant."
Corinne Ponce Immobilier,"Corinne PONCE, née CASANOVA",agence@corinneponce.com,none,"emails trouvés mais tous génériques, aucun nominatif disponible"
Côté Appart,Philippe Megel,contact@cote-appart.fr,none,"emails trouvés mais tous génériques, aucun nominatif disponible"
Cyril Thienpont Immobilier,Cyril Thienpont,contact@immomediateurs.com,none,"emails trouvés mais tous génériques, aucun nominatif disponible"
CYRIL VIAL Agence VICTORIA Immobilier,Cyril Vial,cyril.vial@kwfrance.com; cyril.vial@victoria-immobilier.com,cerebras_error,'content'
D&S Immo Riedisheim,Damien SCHMUTZ,contact@dsimmo.alsace,none,"emails trouvés mais tous génériques, aucun nominatif disponible"
"DAUPHIMMO - Immobilier Tain L'Hermitage / Romans-sur-Isère / Annonay (Achat, Vente, Estimation)",Isabelle GIRAUD,contact@sasmediationsolution-conso.fr,none,"emails trouvés mais tous génériques, aucun nominatif disponible"
David Ferrari - IMMO 25 conseiller en immobilier dans toute la france,David FERRARI,contact@immofrance.fr; mail@immofrance.fr; trackingsolutionimmo@gmail.com,unmatched,"Aucun des emails candidats ne contient le nom complet, l'initiale + nom ou le nom de famille du gérant."
Defforge Immobilier,Mme MECHIN FLOIRAS Céline,info@defforge-immobilier.fr,none,"emails trouvés mais tous génériques, aucun nominatif disponible"
Delange Immobilier - Quartier Latin Paris 5,Thibault Comelli ; Qays Berber,amasini@delangeimmobilier.com; contact@delangeimmobilier.com; tcomelli@delangeimmobilier.com,cerebras_error,Unterminated string starting at: line 3 column 13 (char 59)
Deplanche Immobilier - Beausoleil,Chrystelle Gery,contact@deplanche-immobilier.fr,none,"emails trouvés mais tous génériques, aucun nominatif disponible"
Devim,Frederic CHAIBAN,contact@efida-devim.fr,none,"emails trouvés mais tous génériques, aucun nominatif disponible"
DISTEL IMMOBILIER Agence immobilière indépendante Mundolsheim Achat Vente et Conseils en Home Staging,Sylvie DISTEL,contact@cnpm.fr; contact@distelimmobilier.fr,none,"emails trouvés mais tous génériques, aucun nominatif disponible"
Dorota Immobilier,Dorota Sorace,contact@anmconso.com; contact@dorota-immo.fr,none,"emails trouvés mais tous génériques, aucun nominatif disponible"
Dr Carole Cohen,"Carole Sfez, nom d’usage Carole Cohen-Arazi",02332abd628d4483be4317c8483e3a2b@exceptions.doctolib.fr; 5e227d5a9db847db9597d931c0ea0774@exceptions.doctolib.fr; camille.dupont@email.fr; centre_imagerie@exemple.com; contact.dataprivacy@doctolib.com; contact.dataprivacy@doctolib.fr; jean.dupont@email.com; jean.dupont@email.fr; julia@doctolib.fr; laboratoire@exemple.com; legal.fr@doctolib.com; marie.durand@email.com; martin.durand@email.com; martindupont@gmail.com; nom@email.com; nom@mail.com; pharmacie@exemple.com; prenom.nom@medecin.mssante.fr; support@doctolib.com; u003econtact.dataprivacy@doctolib.com; u003econtact.dataprivacy@doctolib.fr,cerebras_error,'content'
Duché d'Uzès Immobilier,Laura Garvi,15-lgarvi@ducheduzes.fr; 65-direction@ducheduzes.fr; direction@ducheduzes.fr; lgarvi@ducheduzes.fr,cerebras_error,'content'
Ducloux Immobilier,Olivier DUCLOUX,contact@duclouximmobilier.com,none,"emails trouvés mais tous génériques, aucun nominatif disponible"
EBS Habitat,Virginie Bastin ; Dominique Chauvin,accession@ebshabitat.fr; commercial@ebshabitat.fr; jacques@martin.com,unmatched,Aucune correspondance fiable trouvée
Ecusson Immobilier,David GOGUET - CHAPUIS,info@ecussonimmobilier.com,none,"emails trouvés mais tous génériques, aucun nominatif disponible"
Elena Hills,Elena Mironova Roslova,calpe@elenahills.com; david.paterno@elenahills.com; info@elenahills.com; natalia@elenahills.com; pedro@elenahills.com; valentina@elenahills.com,unmatched,"Aucun des emails candidats ne contient le nom complet, l'initiale + nom de famille, ni le nom de famille seul du gérant."
Elizabeth Taylor Luxury,Mme SICSIC Elizabeth,contact@elizabethtaylorluxury.com,none,"emails trouvés mais tous génériques, aucun nominatif disponible"
Elorn Immobilier,Mickaël Croguennec,landerneau@elorn-immobilier.fr; morlaix@elorn-immobilier.fr,cerebras_error,'content'
Entre Ville et Vigne | Agence Immobilière,Fabrice,contact@ducastelimmobilier.fr; location@entrevilleetvigne.fr,none,"emails trouvés mais tous génériques, aucun nominatif disponible"
EOL,Giuseppe Amitrano ; Laurent Sabatucci,bcrombez@eol.fr; construction@eol.fr; ehanco@eol.fr; info@eol.fr; mlebon@eol.fr; recrutement@eol.fr,cerebras_error,Unterminated string starting at: line 2 column 3 (char 4)
ERA AGENCE RADIEUSE SUD,Claire MALAVIALLE,a.rhiyourhi@eraimmo.fr; a.varilhes@eraimmo.fr; agencebi@erafrance.com; agencejosephine@erafrance.com; agencelesroches@erafrance.com; aixaequo@erafrance.com; altea@erafrance.com; arnaud.dessinais@eraimmo.fr; avaricum@erafrance.com; baimmobilier@erafrance.com; baptiste.drapeau@eraimmo.fr; benoit.bouzereau@eraimmo.fr; cap-ocean@erafrance.com; celia.lucas@eraimmo.fr; citedalby@erafrance.com; comte-aix@erafrance.com; cyntia.cochard@eraimmo.fr; elodie.banti@eraimmo.fr; erabecon@erafrance.com; eracorbeil@erafrance.com; erafoch@erafrance.com; erajuvisy@erafrance.com; hugo.archambault@eraimmo.fr; immofred-sun@erafrance.com; ipek.celik@eraimmo.fr; julesjoffrin@erafrance.com; lindcey.stokic@eraimmo.fr; lompnes@erafrance.com; lydierose.diatta@eraimmo.fr; mairie.aubervilliers@erafrance.com; malteries@erafrance.com; mantoueimmobilier@erafrance.com; mentions-legales@erafrance.com; michel.dossantos@eraimmo.fr; nadia.sanchotena@eraimmo.fr; narnaud.dessinais@eraimmo.fr; notana@erafrance.com; pontdelarc@erafrance.com; sartrovilla@erafrance.com; scit@erafrance.com; stleu@erafrance.com; sylvia.ephestion@eraimmo.fr; vallondufier@erafrance.com; volkan.bayram@eraimmo.fr,cerebras_error,'content'
ERA Colonel Fabien,Fabrice Plichard,a.vaysset@eraimmo.fr; agencebi@erafrance.com; agencejosephine@erafrance.com; agencelesroches@erafrance.com; aixaequo@erafrance.com; altea@erafrance.com; benoit.bouzereau@eraimmo.fr; blandine.hache@eraimmo.fr; cap-ocean@erafrance.com; citedalby@erafrance.com; colonelfabien@erafrance.com; comte-aix@erafrance.com; elodie.banti@eraimmo.fr; eracorbeil@erafrance.com; lompnes@erafrance.com; lydierose.diatta@eraimmo.fr; mentions-legales@erafrance.com; pontdelarc@erafrance.com; scit@erafrance.com,cerebras_error,'content'
"Errikos Kohls Immobilien Consulting, Paroikia Paros",Eleftherios-Errikos Kohls,info@kohls-rentals.com,none,"emails trouvés mais tous génériques, aucun nominatif disponible"
ESSA Immobilier viroflay - L’agence de Viroflay Rive Droite,Pierre HEBERT,recrutement@groupe-essa.com,none,"emails trouvés mais tous génériques, aucun nominatif disponible"
EUROP AGENCE,Armi Helena FORNARI,contact@europagence.com; laurence@gemea.com; wpadmin@gemea.com,cerebras_error,Unterminated string starting at: line 3 column 13 (char 29)
EVA IMMO S.A.,Eva Paquet,info@evaimmo.lu,none,"emails trouvés mais tous génériques, aucun nominatif disponible"
EVAD'IMMO agence immobilière,Lory Soulas,contact@evadimmo.fr; contact@medimmoconso.fr,none,"emails trouvés mais tous génériques, aucun nominatif disponible"
Evidence Gestion,Jonathan Marquez,contact@evidence-immo.fr,none,"emails trouvés mais tous génériques, aucun nominatif disponible"
FBImmobilier 31,Carole FELTRE (Rouchon),contact@fbimmo31.com,none,"emails trouvés mais tous génériques, aucun nominatif disponible"
Folco Immobilier,NORBERT FOLCO,agence@folcoimmobilier.com,none,"emails trouvés mais tous génériques, aucun nominatif disponible"
Fontenay Immobilier,Anthony BOIRON,contact@anmconso.com,none,"emails trouvés mais tous génériques, aucun nominatif disponible"
France Europe Immobilier,Hugues DE BANIZETTE,contact@fei-sas.com,none,"emails trouvés mais tous génériques, aucun nominatif disponible"
G.IMMO - HOLIDAY L'ESCALA,Helmut Gaenser,info@erfolgreicher-vermieten.de; info@holiday-lescala.com,none,"emails trouvés mais tous génériques, aucun nominatif disponible"
GABRIEL ART IMMOBILIER,Nicolas PERRIER,agence@gabrielartimmobilier.com,none,"emails trouvés mais tous génériques, aucun nominatif disponible"
Gaëlle ROYET Keller Willams,Gaëlle ROYET,contact@anm-mediation.com,none,"emails trouvés mais tous génériques, aucun nominatif disponible"
Gaillard Immobilier,Valérie GAILLARD,contact@gaillardimmobilier.fr,none,"emails trouvés mais tous génériques, aucun nominatif disponible"
GALA IMMOBILIER,Agnès LEGRAND,gala83location@gmail.com; gala83transaction@gmail.com; galaimmobilier83@gmail.com,unmatched,"Aucun des emails candidats ne contient le nom complet, les initiales ou le nom de famille du gérant."
Gamma Immo,Sabeur Azzedine et Sabeur Cyrine,contact@gammaimmo.com,none,"emails trouvés mais tous génériques, aucun nominatif disponible"
"GD Chasseur Immo Bordeaux : Spécialiste de la recherche locative sur Bordeaux, Métropole, Libournais, et Bassin d'Arcachon",Geoffrey Dupain,%.@hod.ab; %1mmp7457@bfwih6h3tffqh.cjpdklp; %u@brc.aadm; +c%nik7mjc7mg@t.cb; +sv1ycip@huzrn.fhr; +vfq@t.eys; -j7j4-@-dw.ut; .1o3j@udq.9fj3o.pl; .@1.pqweulnclyzo; .vurqjjindck@q2i.re; 004@ci46keqm.ul; 09_j@onq.sfs.bsiym; 0i@p.et.vcm; 1k@nzw.hj; 1q@tpx.lk; 2@wgr.g.li; 2au@1k.up; 2c@x6h.ii; 2di-sbcy@qqte.oyehnvpy; 3gg@s..skuc; 3rp@ijv.el; 4ao91nret@c.rz; 4c@abo5c.hn; 4zt2@7.lnkn; 5@ak.hclw; 5pkan@jg.oe; 6fl23k@r.mh; 6o@1.rar; 7@b.to; 7@pam.ry; 7f@8win.jjijb; 7oe9@rdzi-1.khlyc; 7on@bn.qnlumtdk; 7pm@4.igjc; 7uk@f.mh; 89@na.pq; 8@oyffd.kmq; 9_@9.qjy; 9l1@8.nd; 9ry@g.rwl; _s5@b.ajiehsk; a@7.lnp; a@g.qt; a@qsrj.hqb; ac@-.efe; am962a0@lvxg.lbvfo; b4s@xg.dnc; b@5.jl; b@gu2wo.rr; b@h1j.yv; b@j.lxc; bf@3kn.lik; blajur@e.te; bmgf@is.dvvgmj; bxdh.eh8udsu@a.ct; c8r0j@3.akdqjqmks; c@payh9d.sy; c@u.nl; ck@olg3.gy; ckuf@oergh.ydmuq; contact@gdchasseurimmobordeaux.fr; cq@dcgjmp2qdpt.hvreg; cr@aa.yzs; cw1@y.ile; d@gr.8yfdek.wy; d@nq.oe; d@tawo.jn; dc_panicr@kuveceyae.vi; dnryne@yfdu6t-.nn; e8vds16@.5q.ia; e@50do.dh; e@z.cpsmlgwc; ea+@pb.slv; ecq20@nl.vnft; eys4@06nek.uo; ez@p.hjdd; f5poula5@yp.oo; f6@m.cqtvtbuou; f@djrle1sxk.ud; fb@wde.bwdh; g+en@5.jsrr; g2-@lfnn.vfy; g@ny.av; ghx@hoyr.iygt; gp@bkj2g..swg; gr60w@z8s.oouicv; gy.ekfbb@8.jh; h64h4goet@rp.obns; h7ffd@x.rpic; h@dh.ctx; h@iwcs.dc; h@o.tc; hj@23ig.vmzs; hltzo6@q.ps; hyhjn19+cu@hoau.pkq; i5zu5@qdd.duncj; i8q@1ryq.iie; i@2tv.snq; il@jqo39pk.xhia; in0fq@cbalg1gh.dl; j.8nsl%qi@wg8qc.yu; j8eo6ca@ngpvk.bb; j@llyz.jl; jf.bmgr%wsrr42@bt7c-p.sqp; jic@j.dnpc; k7i-jc@s.kcgh; k@48g9-.bybgnptut; k_8@oys1k.ra; khm@irnyw.petbgcb; kjum@e.qrda; l@bc.bkol; lf7@kbxij.xsgn; lr@i.semxmxosao; m@fpe4yt.mxu; mdblkqt@j.hg; mmi%@0piei.fox; mz@f.ss; n9q6oluhqjn@jd9w2.ff; n@lcbc.bzx; nyx@9.hk; olisfv@xg.bqqp; or@0.rnl; p62c@b.hnfltdvtl; p6o4yxej@jj.ems; p@-u.kqj; p@b.gpcy; p@dn.cfn; p@n.ip; porixhrb@x.vm; pw1be@3ry1fdw-6.sc; q@6us5sr.aud; qa@4gmb5m.gyp; qb_@fgkhti0.vjjg; qf@kol.klhrl; qj@62.qln; qs@q.hp; r%0j7ur@t.qnp; r@a8d.wj; r@n.fch; ri.mck%e7xa++6q136r3@gpvg.ynjnf; rn@k.mbs; rnmsis@p.mj; rt@c4.vj; s4@m.uxbsef; sed@1.zhgj; slsw@7.phvr; st2@a.cmhqs; st@0ud.bu; support@webador.fr; t3lmj@eof2xt8.mu; t62sc@8bp6c.oqxf; tcx5ea@zy.tjh; tsym@q8hu.czs; u@f.eq; u@uwti.fz; ugcbh89@a.ihutuzt; unq2vg@p8.mon; uq@pwx.ft; uy_@q.seo; v6j6-sagw@l1r.ktd; vad-@ddg7.ou; vki6l3@nn.ltpe; w5ph@nbu.iue; w@3.kfc; x@jgo.og; x@y.je; xg@qrr.ehdcnb; xsfl@n8.gjl; xybkg@a.gdktippm; y1i_+g@qt.ur; y8lgp@j.6t.qt; yd@b.ms; yff%3l@l.rt; ys.@a1l..se; ytbeksdtu@i30wh.pgqtf; yuce7@01-qco2.paiw; yuznpwo70td@dag.qwg; z_x@u.sr; zxa@ndmnh.lm,cerebras_error,"Expecting ',' delimiter: line 3 column 129 (char 145)"
Giletta Immobilier,GILETTA FABIENNE,contact@anm-conso.com; info@giletta-properties.com,none,"emails trouvés mais tous génériques, aucun nominatif disponible"
GK IMMO - Agence Immobilière Saint Maur des Fossés,,contact@gkimmo.com; contact@gkimmo.fr,none,"emails trouvés mais tous génériques, aucun nominatif disponible"
Gold Immobilier,Doran ALTUN,accueil@goldimmobilier.net,none,"emails trouvés mais tous génériques, aucun nominatif disponible"
Granit Immobilier,BERMOND Dally,granitimmo@orange.fr; mediation@vivons-mieux-ensemble.fr,cerebras_error,'content'
Gransart Stéphane,Jean-Baptiste POULAIN,contact@medicys.fr,none,"emails trouvés mais tous génériques, aucun nominatif disponible"
GT Immo,Jean-Philippe LANG,christina.gtimmo@hotmail.com; gtimmo@hotmail.com; heinrichpierrette@gmail.com,cerebras_error,'content'
Habitat de l'Ill,Thibault Marchand,commerces@habitatdelill.fr; residence.dinahfaust@orange.fr,unmatched,Aucune correspondance fiable trouvée selon les critères.
Habitat L'Immobilier,Sébastien Imbert,contact@habitatlimmobilier.com,none,"emails trouvés mais tous génériques, aucun nominatif disponible"
Hacquin Dauvergne Immobilier Fontainebleau,Laurence Gallerneau,contact@anm-conso.com,none,"emails trouvés mais tous génériques, aucun nominatif disponible"
Harel Immobilier,Jordan HAREL,agence@harelguimard-immobilier.fr,none,"emails trouvés mais tous génériques, aucun nominatif disponible"
HB CONTACT,IYICE Hasan,info@hb-contact.immo,none,"emails trouvés mais tous génériques, aucun nominatif disponible"
HBC Transac,Olivier FILY,contact@eb-pub.com; contact@hbctransac.fr,none,"emails trouvés mais tous génériques, aucun nominatif disponible"
Henry IV Immobilier Grésivaudan,Sophie Dô Boï Ferruit,contact@anm-conso.com,none,"emails trouvés mais tous génériques, aucun nominatif disponible"
HOME 18 IMMOBILIER,Marc FERREIRA,contact-admin@cnpm-mediation-consommation.eu; contact@home-18.com,none,"emails trouvés mais tous génériques, aucun nominatif disponible"
Home Hunters,Eric THYBERT,contact@home-hunters.fr,none,"emails trouvés mais tous génériques, aucun nominatif disponible"
HOMEXA IMMOBILIER,Stephan SIMON,contact@homexa.fr,none,"emails trouvés mais tous génériques, aucun nominatif disponible"
IDF Habitat,Delphine VALENTIN,assurance@idfhabitat.fr; communication@idfhabitat.fr; contact@idfhabitat.fr; factures@idfhabitat.fr; recrutement@idfhabitat.fr,unmatched,Aucune correspondance fiable trouvée
ima Immobilier,Marine Mouton-Opportune et Anne-Hélène Lecourt-Bravo,agence@ima-immobilier.fr; contact@ima-immobilier.fr,none,"emails trouvés mais tous génériques, aucun nominatif disponible"
imkiz - vente et location immobilière - forfait fixe - dans toute la France,Benoit Waldruche de Mont Remy,1024@imkiz.com; 7691@imkiz.com; 8427@imkiz.com; contact@imkiz.com; contact@medimmoconso.fr; nom@domaine.fr,cerebras_error,'content'
Imm'Odyssée,Mickael COURANT,contact@anm-conso.com,none,"emails trouvés mais tous génériques, aucun nominatif disponible"
IMMO 10 - Troyes,,contact@immofrance.fr; mail@immofrance.fr; trackingsolutionimmo@gmail.com,unmatched,"Le nom du gérant est absent, aucune correspondance fiable ne peut être établie."
IMMO 25 - Pontarlier rocade,Alexandre MOISON,contact@immofrance.fr; mail@immofrance.fr; trackingsolutionimmo@gmail.com,unmatched,"Aucun des emails candidats ne contient le nom complet, l'initiale du prénom + nom, le nom + initiale ou le nom de famille du gérant."
Immo Concept 68,Mohamed Kireche,info@ic-68.com,none,"emails trouvés mais tous génériques, aucun nominatif disponible"
Immo Condorcet.,Monsieur/Madame,location@immocondorcet.fr; transaction@immocondorcet.fr,none,"emails trouvés mais tous génériques, aucun nominatif disponible"
IMMO CONSEIL PLUS,M. DURNA,info@ic-plus.fr,none,"emails trouvés mais tous génériques, aucun nominatif disponible"
IMMO DESIGN,,nicolas.franck.media@gmail.com,unmatched,"Le nom du gérant n'est pas fourni, aucune correspondance fiable ne peut être établie."
Immo Du Sud,Jérôme Chailleux,immodusud44@gmail.com; sebastien.immodusud44@gmail.com,cerebras_error,Unterminated string starting at: line 3 column 3 (char 19)
Immo Express,Quentin LEMAIRE,copropriete@arch-ncg.com; direction@immoexpress.com; gestionnaire@immoexpress.com,unmatched,Aucune correspondance fiable trouvée
IMMO Forum - Agence de la Côte à Sausset les pins,CR INVEST (président légal actuel) ; Claudia RUSSO (gérante affichée par l’agence),claudia.immoforum@gmail.com; fabienne.immoforum@gmail.com; jf.bratzu@immoforum13.com; marjorie.immoforum@gmail.com,cerebras_error,Unterminated string starting at: line 3 column 13 (char 29)
IMMO T PRO,Raphaella TEIXEIRA,contact@immotpro.com,none,"emails trouvés mais tous génériques, aucun nominatif disponible"
Immo.D.AL,Laetitia Stéphanie FERRER (nom d’usage : DURAND),contact@immodal.fr,none,"emails trouvés mais tous génériques, aucun nominatif disponible"
Immo101.ma Agence immobilière Rabat,Zoubida Labdi,contact@immo101.ma; laboratoireg5rabat@gmail.com; sofia.tounsi@aklim.ma,cerebras_error,'content'
Immobilier 12 Rouergue Agence,Truchetto Christophe,c.truchetto@immobilier12.fr; contact@immobilier12.fr; syndic@immobilier12.fr,cerebras_error,'content'
Immobilier Gergovia,Loïc Boucheix et Pierrick Semitière,immogergovia.montdore@wanadoo.fr; immogergovia@orange.fr,unmatched,"Aucun des emails candidats ne contient le nom complet, les initiales ou le nom de famille des gérants, donc aucune correspondance fiable n'est possible."
Immobilière Catherine Chevreux,Catherine CHEVREUX,contact@immochevreux.com,none,"emails trouvés mais tous génériques, aucun nominatif disponible"
Immobiliere Convention - IMCO,David Sokol,contact@medicys.fr; convention@immobiliere-convention.com; daguerre@immobiliere-convention.com; imcolocation2@gmail.com; sokol@immobiliere-convention.com; sokol@mmobiliere-convention.com; victoria@immobiliere-convention.com,cerebras_error,'content'
Immobilière De Beauséjour,Raphaël Benzaken,contact@immobilierebeausejour.com,none,"emails trouvés mais tous génériques, aucun nominatif disponible"
Immobilière Déjean Pépin,François DEJEAN,contact@immo-dp.com,none,"emails trouvés mais tous génériques, aucun nominatif disponible"
Immobilière Des Rohan,Philippe HELLER,contact@medimmoconso.fr,none,"emails trouvés mais tous génériques, aucun nominatif disponible"
Immobilière du Douaisis,Philippe LEMAIRE,a.dhumerelle@immobilieredudouaisis.com; b.dureux@immobilieredudouaisis.com; c.butez@immobilieredudouaisis.com; c.cocquempot@immobilieredudouaisis.com; e.houtte@immobilieredudouaisis.com; l.vergeot@immobilieredudouaisis.com; p.bucamp@immobilieredudouaisis.com; s.vanhaecke@immobilieredudouaisis.com,cerebras_error,'content'
Immobilière Germain,Olivier Germain,contact@immogermain.fr; hello@slaaap.fr,none,"emails trouvés mais tous génériques, aucun nominatif disponible"
Immobilière Merger,Véronique MERGER,contact@immomerger.com,none,"emails trouvés mais tous génériques, aucun nominatif disponible"
IMMOBILYS SOISSONS,DOS SANTOS,contact@immobilys-soissons.fr; contact@medimmoconso.fr,none,"emails trouvés mais tous génériques, aucun nominatif disponible"
Immobis Montpellier,Jérémie GOUVEIA,immobis.drh@immobis.fr; immobiscomedie@immobis.fr,unmatched,"Aucun des emails candidats ne contient le nom complet, les initiales ou le nom de famille du gérant."
Immograndlyon,Sam BELGUESSAM,contact@immograndlyon.fr; contact@medimmoconso.fr,none,"emails trouvés mais tous génériques, aucun nominatif disponible"
Immonaute,Anthony ANANIAN,contact@medimmoconso.fr,none,"emails trouvés mais tous génériques, aucun nominatif disponible"
IMMOPTIMIZ,Victor Delachenal,contact@immoptimiz.fr,none,"emails trouvés mais tous génériques, aucun nominatif disponible"
IMMOTOP,Stéphanie,dossier@immotop.fr; mail@immotop.fr; trackingsolutionimmo@gmail.com,unmatched,"Aucun email ne contient le nom complet ou les initiales du gérant, aucune correspondance fiable n'est possible."
Imoblex,ANDRADE ALEIXO,contact@imoblex.fr,none,"emails trouvés mais tous génériques, aucun nominatif disponible"
Imozen,Jean-Christophe MEDINA,contact@imozen.fr,none,"emails trouvés mais tous génériques, aucun nominatif disponible"
INEXIA IMMO,Jean-Luc BOUISSE,contact@inexia-immo.fr,none,"emails trouvés mais tous génériques, aucun nominatif disponible"
Intesa Immobilier Marseille,INTEZA,intesa.aubagne@gmail.com; intesaciotat@gmail.com; intesaimmo1@gmail.com; intesaimmobilier@gmail.com,unmatched,Aucun des emails ne contient le nom complet 'INTEZA' ni une variante fiable.
Iparralde Inmobiliaria Irun Centro,,iparralde@inmobiliariaiparralde.com; iparralde@iparralde-immobilier.fr,unmatched,"Le nom du gérant n'est pas fourni, aucune correspondance fiable ne peut être établie."
Jeanne d'Arc Immo,Delphine Bonjour,agence@immojeannedarc.com; amarande@immojeannedarc.com; j.smith@email.com; smarande@immojeannedarc.com,unmatched,Aucune correspondance fiable trouvée
Jeko Immobilier,Jason Moreau,contact@anmconso.com,none,"emails trouvés mais tous génériques, aucun nominatif disponible"
"Julie Etienne Immobilier - Agence Immobilière Epinal, Vosges",Florian GEORGEL,contact@julieetienneimmobilier.fr; julie@julieetienneimmobilier.fr; julien@julieetienneimmobilier.fr; p.martin@julieetienneimmobilier.fr; s.kerboua@julieetienneimmobilier.fr,unmatched,"Aucun des emails candidats ne contient le nom complet, l'initiale + nom ou le nom de famille du gérant Florian GEORGEL."
Julien Barland,Mathieu Sassetti,contact@purimmobilier.fr; contact@sasmediationsolution-conso.fr,none,"emails trouvés mais tous génériques, aucun nominatif disponible"
L 'Immobilier Du Coin,Virginie GOMEZ-LORENZO,contact@anmconso.com,none,"emails trouvés mais tous génériques, aucun nominatif disponible"
L.V. immo,Christophe Coustouzy,ctronche.immobilier@gmail.com; lvimmobilier31810@gmail.com,unmatched,"Aucun des emails candidats ne contient le nom complet, l'initiale + nom ou le nom de famille du gérant."
L' immobililère de Faches,Cécile BUSSCHAERT,contact@anmconso.com,none,"emails trouvés mais tous génériques, aucun nominatif disponible"
L'AGENCE,Adrien VEAU,contact@limmobiliere-paris.com,none,"emails trouvés mais tous génériques, aucun nominatif disponible"
L'AGENCE 31,Valérie Ordines et Christophe Boix (co-gérants associés),c.boix@lagence-31.com; contact@lagence-31.com; mail@negociateur.com; prod@agence-pure.com; v.ordines@lagence-31.com,cerebras_error,'content'
L'Agence Auxerroise (Immobilier),FINANCIERE SAINT ANDRE,contact@lagenceauxerroise.fr,none,"emails trouvés mais tous génériques, aucun nominatif disponible"
"L'AGENCE Baudoin, Jérémy et Caroline",Jérémy Baudoin,contact@lagencebaudoin.fr; contact@medimmoconso.fr,none,"emails trouvés mais tous génériques, aucun nominatif disponible"
L'Agence de Rosny,LEMARQUIS Fabrice,contact@lagencederosny.com,none,"emails trouvés mais tous génériques, aucun nominatif disponible"
L'Agence des copains,Ducroquet Jordan,contact@agencedescopains.fr; contact@medimmconso.fr,none,"emails trouvés mais tous génériques, aucun nominatif disponible"
L'Agence Locale,Valentine Production,agencesorinieres@lagencelocale.com; agencevertou@lagencelocale.com; contact@lagencelocale.com; lespontsdece@lagencelocale.com; saintgeorgessurloire@lagencelocale.com,unmatched,"Aucun des emails candidats ne contient le nom complet, l'initiale du prénom + nom, ni le nom de famille du gérant."
L'Essentiel de L'Immobilier,Frédéric JORGE,contact@lessentiel-immobilier.fr; info@yourwebsite.com,none,"emails trouvés mais tous génériques, aucun nominatif disponible"
L'Immobiliare Verona Centrale,Andrea,info@stresa.biz; info@veronacentrale.it,none,"emails trouvés mais tous génériques, aucun nominatif disponible"
L’immobilier Pontissalien,Cyrille Mattera,bienvenue@immo-metabief.fr; bienvenue@immo-pontissalien.fr,unmatched,Aucun email ne contient le nom ou les initiales du gérant Cyrille Mattera dans la partie locale.
L'immobilier sans frontières,,contact@limmobiliersansfrontieres.com,none,"emails trouvés mais tous génériques, aucun nominatif disponible"
L'Immobilière Catholique,RESTINO Dominique,contact@immocatho.fr,none,"emails trouvés mais tous génériques, aucun nominatif disponible"
L'Immobilière Coulon,Daniel COULON,asdelepine@immocoulon.fr; contact@immocoulon.fr; hjodas@immocoulon.fr; meugene@immocoulon.fr; p.jourde@immobiliere-coulon.com; s.sammartino@immobiliere-coulon.com,unmatched,"Aucun des emails candidats ne contient le nom complet, l'initiale du prénom + nom de famille, ni le nom de famille seul correspondant à Daniel COULON."
l'Immobilière des Collines,Jean-Baptiste REY,agence@limmobilieredescollines.fr,none,"emails trouvés mais tous génériques, aucun nominatif disponible"
L'immobilière Saint Jean Montpellier,Sébastien Gérard Lionel Terki,contact@immosaintjean.fr,none,"emails trouvés mais tous génériques, aucun nominatif disponible"
La Chênaie Immobilier,Christian EHRMANN,transaction@lcimmo67.fr,none,"emails trouvés mais tous génériques, aucun nominatif disponible"
La Maison GLM,Jules MONNIER,contact@anm-mediation.com; contact@lamaisonglm.fr,none,"emails trouvés mais tous génériques, aucun nominatif disponible"
Lamirand et Associés,Monsieur François Lamirand,montmartre@lamirand-associes.com; voltaire@lamirand-associes.com,cerebras_error,'content'
Lardenne gestion locative,Bénédicte de La Grandville,contact@lardenne-gestionlocative.fr,none,"emails trouvés mais tous génériques, aucun nominatif disponible"
Lardenne Immobilier,Bertrand Serny,contact@anm-conso.com; contact@lardenne-immobilier.fr,none,"emails trouvés mais tous génériques, aucun nominatif disponible"
LAVALLARD IMMOBILIER DURY,Florian LAVALLARD,direction@lavallard-immobilier.com,none,"emails trouvés mais tous génériques, aucun nominatif disponible"
LBH Immobilier,Hélène BASSARD (Khalifa),contact@uniprotect.fr,none,"emails trouvés mais tous génériques, aucun nominatif disponible"
Le Comptoir de l’Immobilier Caen,Antoine Puertolas,contact@lecomptoirdelimmobiliercaen.fr; contact@mcpmediation.org,none,"emails trouvés mais tous génériques, aucun nominatif disponible"
LE QUAI DE L'IMMOBILIER - MEYLAN,Jérémy BERTRAND,contact@lequai-immobilier.com; gestion@lequai-immobilier.com,none,"emails trouvés mais tous génériques, aucun nominatif disponible"
Lema Immobilier,Mme MECHIN FLOIRAS Céline,info@lema-immobilier.fr,none,"emails trouvés mais tous génériques, aucun nominatif disponible"
LEMAN PROPERTY PRESTIGE,Catherine JAMART,message@prestige-leman.com; sabrina@prestige-leman.com; valerie.labarraque8@outlook.fr,unmatched,"Aucun des emails candidats ne contient le nom complet, l'initiale + nom ou le nom de famille du gérant."
LES AGENTS DE L'IMMOBILIER,Marc Dargence,mail@lai-estimation-immobiliere-puteaux.fr; puteaux@lesagentsdelimmobilier.com; trackingsolutionimmo@gmail.com,unmatched,"Aucun des emails candidats ne contient le nom complet, l'initiale du prénom + nom de famille, le nom de famille suivi de l'initiale, ni le nom de famille seul du gérant."
Les Agents Logia Metz,Valérie DAUSSANGE,gregory.parmantel@bienloger.com; po.dubois@live.fr; rmaillard@bienloger.com; vd@les-agents.com,cerebras_error,'content'
Les Cercles agence immobilière,Mathieu Maillot,contact@lescercles.fr,none,"emails trouvés mais tous génériques, aucun nominatif disponible"
Les Demeures Du Sud,Tom LEONARDON,contact@lesdemeuresdusud.fr,none,"emails trouvés mais tous génériques, aucun nominatif disponible"
LES RÉMOISES IMMOBILIER,Betty ANDRIVEAU,contact@medimmoconso.fr,none,"emails trouvés mais tous génériques, aucun nominatif disponible"
Letondal Immobilier,Karine Letondal,contact@letondal-immobilier.com,none,"emails trouvés mais tous génériques, aucun nominatif disponible"
Lionard Luxury Real Estate - Milano,Dimitri Corti,florence@lionard.com; fortedeimarmi@lionard.com; info@lionard.com; milan@lionard.com; naples@lionard.com; portocervo@lionard.com; rome@lionard.com; venice@lionard.com,unmatched,"Aucun des emails candidats ne contient le nom complet, l'initiale du prénom + nom, le nom + initiale ou le nom de famille du gérant."
LM IMMO Ussel L'Eglise,Laurence COMBABESSOU,contact@lmimmo.fr; contactbort@lmimmo.fr; contactmeymac@lmimmo.fr; tnt@itnt.fr,unmatched,"Aucun des emails candidats ne contient le nom complet, l'initiale + nom ou le nom de famille du gérant."
Locagest,Sylvie Boutard,abbesses@connexion.immo; batignolles@connexion.immo; belledemai@connexion.immo; bretagne@connexion.immo; canebiere@connexion.immo; damremont@connexion.immo; eb@connexion.immo; guymoquet@connexion.immo; loc@connexion.immo; monge@connexion.immo; mozart@connexion.immo; republique@connexion.immo; saintgeorges@connexion.immo; saintmartin@connexion.immo; saintvincent@connexion.immo; trudaine@connexion.immo,unmatched,"Aucun des emails candidats ne contient le nom complet, l'initiale du prénom + nom ou le nom de famille seul de Sylvie Boutard."
Logia Toul,,gregory.parmantel@bienloger.com; po.dubois@live.fr; rmaillard@bienloger.com; vd@les-agents.com,unmatched,"Le nom du gérant n'est pas fourni, aucune correspondance fiable ne peut être établie."
Lokalis,Yann,contact@lokalis.fr,none,"emails trouvés mais tous génériques, aucun nominatif disponible"
Ludwig & Imhoff,Arthur Ludwig et Xavier Imhoff,agence@ludwigimhoff.com; contact@la-boite-immo.com,none,"emails trouvés mais tous génériques, aucun nominatif disponible"
MAEL - Agence Immobilière Locale et Éco Responsable,Christine Ravanas,contact@mael.immo,none,"emails trouvés mais tous génériques, aucun nominatif disponible"
Maison Maden,Julien Brouet,contact@maisonmaden.com,none,"emails trouvés mais tous génériques, aucun nominatif disponible"
Mancelle d'Habitation,Yves-Marie HERVE,comptabilite@mancelle-habitation.fr,none,"emails trouvés mais tous génériques, aucun nominatif disponible"
Marc - FILIGRANE Immobilier -Strasbourg-Kochersberg-Pays de la Zorn 🏡,Marc ZANUTTINI,mediation@vivons-mieux-ensemble.fr; zanumarc@gmail.com,cerebras_error,Unterminated string starting at: line 3 column 13 (char 29)
Marchal Immobilier Nice,Éric Marchal,contact@marchal-immobilier.fr; contact@medimmoconso.fr,none,"emails trouvés mais tous génériques, aucun nominatif disponible"
Marine STELLA immobilier,Marine STELLA,contact@marinestellaimmobilier.com,none,"emails trouvés mais tous génériques, aucun nominatif disponible"
MATHIEU GUERIN IMMOBILIER,Mathieu GUERIN,contact@guerin-immobilier.fr,none,"emails trouvés mais tous génériques, aucun nominatif disponible"
MDRC GESTION - Gestion Immobilière & Locative - Agence Immobilière Neuilly sur Seine,Anne Marie PRIETO,contact@mdrc-gestion.fr; mail@mdrc-gestion.fr; trackingsolutionimmo@gmail.com,cerebras_error,'content'
Meldomys - Siège social,Benoît RATIER,communication@meldomys.fr; lorem@mail.com; rgpd@meldomys.com,unmatched,Aucune correspondance fiable trouvée
meurthe & moselle Habitat - Agence commerciale,Lionel MAHUET,dpo@mmhabitat.fr; info@mmhabitat.fr; jmaggiori@mmhabitat.fr,unmatched,"Aucun des emails candidats ne contient le nom complet, l'initiale du prénom + nom, ni le nom de famille du gérant."
MIMMOSA,Mariane DELAPLACE,contact-admin@cnpm-mediation-consommation.eu,none,"emails trouvés mais tous génériques, aucun nominatif disponible"
Misserey Laura Immobilier W.A.H,Laura MISSEREY,ado.basic@wahuman.com; agathe.besserve@wahuman.com; cassandra.db@wahuman.com; clermont-herault@wahuman.com; elodie.damiens@wahuman.com; evelyne.berthaud@wahuman.com; hello@wahuman.com; ines.cabanes@wahuman.com; lydia.amador@wahuman.com; manuel.bacrie@wahuman.com; montpelliernord@wahuman.com; myriam.berrahna@wahuman.com; nathan.bourges@wahuman.com; romanella.chabanon@wahuman.com; shirley.bartha@wahuman.com; stgely@wahuman.com,cerebras_error,Unterminated string starting at: line 3 column 13 (char 29)
Mister Property - Agence Immobilière Levallois Perret,Paolo Favazzo,h.belhassen@mister-property.fr; mpgroup@mister-property.fr; recrutement@mister-property.fr,unmatched,"Aucun des emails candidats ne contient le nom complet, l'initiale du prénom + le nom de famille, ni le nom de famille seul du gérant."
MOOVE IMMOBILIER Rouen,Paul Giet,barentin@moove-immo.com; contact@moove-immo.com; rouen@moove-immo.com,unmatched,"Aucun des emails candidats ne contient le nom complet, l'initiale du prénom + nom, le nom + initiale ou le nom de famille du gérant."
Moriss Immobilier - Saint Ouen,Kevin,batignolles@morissimmobilier.com; clichy@morissimmobilier.com; courcelles@morissimmobilier.com; montreuil@morissimmobilier.com; nogent@morissimmobilier.com; paris14@morissimmobilier.com; paris15@morissimmobilier.com; paris16@morissimmobilier.com; paris18@morissimmobilier.com; paris9@morissimmobilier.com; saintouen@morissimmobilier.com; stmande@morissimmobilier.com; voltaire@morissimmobilier.com,unmatched,Aucun email ne contient le nom complet ou les initiales du gérant Kevin selon les critères de correspondance fiable.
Mourillon Immobilier,Marion Soulier,contact@anmconso.com; transaction@mourillon-immobilier.fr,none,"emails trouvés mais tous génériques, aucun nominatif disponible"
Move in | immobilier,Alexandre LEBEAU,contact@movein-immobilier.com,none,"emails trouvés mais tous génériques, aucun nominatif disponible"
Multi Regie,Franck Jouvenet,contact@multi-regie.com,none,"emails trouvés mais tous génériques, aucun nominatif disponible"
Nadège BARTHET Immobilier - Estimation et vente - Saint-Maximin,Baptiste MAROCCOU,contact@medimmoconso.fr,none,"emails trouvés mais tous génériques, aucun nominatif disponible"
NAOS immobilier France,Thu Trang VO HONG,pierre.claude99@gmail.com; rejoindre@naosimmobilier.com; votre@email.com,cerebras_error,'content'
NCG immobilier,Quentin Lemaire,comptabilite@arch-ncg.com; copropriete@arch-ncg.com; direction@immoexpress.com; gestion-locative@arch-ncg.com; gestionnaire@immoexpress.com,unmatched,Aucune correspondance fiable trouvée
Nemausa Immobilier,Eric Leroy,contact@nemausaimmobilier.com; mail@nemausaimmobilier.com; trackingsolutionimmo@gmail.com,cerebras_error,Expecting property name enclosed in double quotes: line 1 column 2 (char 1)
Néolia - Location,Jacques FERRAND,contact@neolia.fr,none,"emails trouvés mais tous génériques, aucun nominatif disponible"
Neuf Market,Thomas Bernard,contact@neufmarket.com,none,"emails trouvés mais tous génériques, aucun nominatif disponible"
Noname Immo,LECANU GUILLAUME,contact@noname.immo,none,"emails trouvés mais tous génériques, aucun nominatif disponible"
Nouvelle Vague Real Estate,Valérie JULLIAND,contact@nvparis.fr,none,"emails trouvés mais tous génériques, aucun nominatif disponible"
NOVA IMMOBILIER,Laurent MOUTOUT,accueil@nova-immo.fr,none,"emails trouvés mais tous génériques, aucun nominatif disponible"
Novadimm,Sylvain MAGOTT,contact@novadimm.com,none,"emails trouvés mais tous génériques, aucun nominatif disponible"
O'Real,Talban Joseph (président),contact@o-cardinal.fr; contact@o-cardireal.fr; contact@o-real.fr,none,"emails trouvés mais tous génériques, aucun nominatif disponible"
Office de la Propriété,Jacques CANUT,contact@office-propriete.com; office.propriete@wanadoo.fr,none,"emails trouvés mais tous génériques, aucun nominatif disponible"
Olivier Javelle Thouilly Associès Immobi,"COGECOOP (président de la société, dirigeant actuel publié)",andrezieux@cogecoop.fr; firminy@cogecoop.fr; mel@cogecoop.fr; monistrol@cogecoop.fr,unmatched,"Le champ ""gerant"" ne fournit pas de nom complet de personne, aucune correspondance fiable ne peut être établie."
OMNIUM,DE THIBAULT Jean-Michel,d.marsault@osimmo.com; j.hirbe@osimmo.com; l.maillot@palladium-group.com,unmatched,"Aucun des emails candidats ne contient le nom complet, les initiales ou le nom de famille du gérant."
ONVA IMMO,Stéphanie,contact@onva-immo.fr; mail@onva-immobilier-villeurbanne.fr; trackingsolutionimmo@gmail.com,unmatched,Aucun email ne correspond de façon fiable au nom du gérant.
ORIBA Immobilier Nantes,Laurent Loquet et Jacques Loquet,labaulelespins@oriba.fr; nantes.transaction@oriba.fr; piriac@oriba.fr; pornichet@oriba.fr; saintemarguerite@oriba.fr; saintmarc@oriba.fr,cerebras_error,Unterminated string starting at: line 2 column 3 (char 4)
Oriba immobilier Saint-Marc-sur-Mer,Laurent LOQUET,labaulelespins@oriba.fr; nantes.transaction@oriba.fr; piriac@oriba.fr; pornichet@oriba.fr; saintemarguerite@oriba.fr; saintmarc@oriba.fr,unmatched,"Aucun des emails candidats ne contient le nom complet, l'initiale + nom ou le nom de famille du gérant."
Orne Habitat,Christophe Bouscaud (directeur général),contact@orne-habitat.com,none,"emails trouvés mais tous génériques, aucun nominatif disponible"
Orvitis,François-Xavier DUGOURD,administratif@avenir-conso.com; communication@orvitis.fr,cerebras_error,'content'
OURS L'IMMOBILIER,Selvi TURKAN,agence@ourslimmobilier.com; contact-admin@cnpm-mediation-consommation.eu,none,"emails trouvés mais tous génériques, aucun nominatif disponible"
Oval immobilier,Karine Lhomond,aymeric@oval-immo.fr; info@oval-immo.fr; marlon.ovalimmo@gmail.com; oval.immo@orange.fr,unmatched,"Aucun des emails candidats ne contient le nom complet, l'initiale+nom ou le nom de famille du gérant."
Palausse Immobilier,Julie PALAUSSE,contact@palausseimmobilier.fr,none,"emails trouvés mais tous génériques, aucun nominatif disponible"
Pardo & Chartier by Le Pacte Immo,Emmanuel Gaulon (président) ; Fanny Rajon (directrice générale),contact@pardochartier-immobilier.com,none,"emails trouvés mais tous génériques, aucun nominatif disponible"
Parenthèse immobilier,Kriss DUMAS,contact@parentheseimmobilier.fr,none,"emails trouvés mais tous génériques, aucun nominatif disponible"
Paris Autrement,Guillaume,contact@parisautrement.com; info@mtv.travel,none,"emails trouvés mais tous génériques, aucun nominatif disponible"
Paris Maillot Immobilier,Delphine Bouchara,,none,aucun candidat : nom/domaine de l'agence introuvable dans le fichier scrapé
PARIS NEUILLY IMMOBILIER PEREIRE,"Fabrice L""Herminier",mon-adresse@email.com; votre-adresse@email.com,unmatched,Aucun des emails candidats ne contient le nom ou les initiales du gérant.
Paris-Saclay Immobilier,Jamel Moumdy,contact@pasaim.fr,none,"emails trouvés mais tous génériques, aucun nominatif disponible"
Pauquet Immobilier,Patricia Pauquet,-transac@pauquetimmo.com; contact@anm-mediation.com; gestion@pauquetimmo.com; syndic@pauquetimmo.com; transac@pauquetimmo.com,unmatched,"Aucun des emails candidats ne contient le nom complet, l'initiale du prénom + nom ou le nom de famille seul du gérant."
Pierres et Territoires de France Champagne-Ardenne Lorraine,SA Immobilière de Champagne Ardenne Lorraine (président) ; Raphaël André Atlani (directeur général),contact@ptf-champagneardennelorraine.com,none,"emails trouvés mais tous génériques, aucun nominatif disponible"
PIETRAPOLIS - Agence immobilière à Lyon 3,Christian Chapolard,contact@anmconso.com,none,"emails trouvés mais tous génériques, aucun nominatif disponible"
Pietrapolis Immobilier Chalon,Julien PARCHEMIN,contact@jhumanise.fr,none,"emails trouvés mais tous génériques, aucun nominatif disponible"
Placid Immobilier Calais,"Steven Wepierre (président de SJMC, société exploitant l’activité de transaction immobilière) ; Christopher Graire et Justin Pouille (directeurs généraux)",agence@acl.immo; christopher@agences-placid.com; frederic@transactions-placid.com; swepierre@transactions-placid.com,cerebras_error,'content'
Plisson Immobilier,CARLE Anthony,accueil@plisson-immobilier.fr,none,"emails trouvés mais tous génériques, aucun nominatif disponible"
POINT HABITAT RODEZ,DIRECTEUR DES VENTES,,none,aucun candidat : nom/domaine de l'agence introuvable dans le fichier scrapé
PRESTANT,Benoît Verdet,contact@prestant.com,none,"emails trouvés mais tous génériques, aucun nominatif disponible"
PREUX Immobilier,PEREZ Julien,contact@medimmoconso.fr,none,"emails trouvés mais tous génériques, aucun nominatif disponible"
ProActive Immo,Sebastien Benet,contact@anmconso.com,none,"emails trouvés mais tous génériques, aucun nominatif disponible"
Promogim - Rhône,Hans Oswald,donneespersonnelles@promogim.fr; recrutements@promogim.fr,unmatched,Aucune correspondance fiable
PROMOVAL,Grégory FOUQUE et Régis FOUQUE,contact@promoval.fr,none,"emails trouvés mais tous génériques, aucun nominatif disponible"
PROVENCE HOME,Gerault,contact@provence-home.com,none,"emails trouvés mais tous génériques, aucun nominatif disponible"
"Prox'Immo Immobilier Voiron (Achat, Vente, location, Gestion, Estimation)",Stéphanie CEBOLA,contact@proximmo-voiron.fr,none,"emails trouvés mais tous génériques, aucun nominatif disponible"
REAL IMMO - Agence Immobilière - Neauphle-Le-Château,Jean-Charles D'ASTA,agence@realimmo.com,none,"emails trouvés mais tous génériques, aucun nominatif disponible"
Recherche Appartement ou Maison,Monsieur Grangeot,contact@patrimmo-gestion.com,none,"emails trouvés mais tous génériques, aucun nominatif disponible"
Régie Gontard,Romain Gontard,accueil@regiegontard.fr; contact@agencegli.fr; transaction@regiegontard.fr,none,"emails trouvés mais tous génériques, aucun nominatif disponible"
Régie Immobilière de la Ville de Paris RIVP,Christine Laconde,accueil@clcvparis.org; afoc75@gmail.com; cgl.nat@wanadoo.fr; cnl75@free.fr; dalidf@droitaulogement.org; servicede.communication@rivp.fr,unmatched,"Aucun des emails candidats ne contient le nom complet, l'initiale + nom ou le nom de famille du gérant de façon fiable."
Renoir Et Valoris,Jean-Christophe Renoir,contact@renoiretvaloris.com,none,"emails trouvés mais tous génériques, aucun nominatif disponible"
Résonance Immobilière,Jean-Charles Canet,,none,aucun candidat : nom/domaine de l'agence introuvable dans le fichier scrapé
RHONE SAONE HABITAT,Céline Fauquembergue,recrutement@rhonesaonehabitat.fr,none,"emails trouvés mais tous génériques, aucun nominatif disponible"
RIAZHOME Immobilier,"Ihtsam RIAZ (Riaz Ihtsam, Malik)",contact@riazhome-immo.com,none,"emails trouvés mais tous génériques, aucun nominatif disponible"
S.L. Immo,Laetitia Aiqui-Sini (présidente),simmobilier2a2@gmail.com; slimmobilier2a@gmail.com,unmatched,"Aucun des emails candidats ne contient le nom complet, les initiales ou le nom de famille du gérant."
SA HLM région d'Elbeuf,Virginie BASTIN (directrice générale) ; Dominique CHAUVIN (président du conseil d’administration),accession@ebshabitat.fr; commercial@ebshabitat.fr; jacques@martin.com,unmatched,"Aucun email ne contient le nom complet, l'initiale+nom ou le nom de famille des gérants."
Sabimmo Gestion,Danielle DUBRAC,,none,aucun candidat : nom/domaine de l'agence introuvable dans le fichier scrapé
Sagestimm,Marie ESTOURNET (présidente de la SAS SAGESTIMM),contact@lesvillagesdor.fr; contact@sagestimm.com,none,"emails trouvés mais tous génériques, aucun nominatif disponible"
Sant'immo - Le Cabinet,SANTOS Michael,contact@santimmo.fr,none,"emails trouvés mais tous génériques, aucun nominatif disponible"
Sas Les Hauts de Cleive,GENDRE Julien,contact@medimmoconso.fr,none,"emails trouvés mais tous génériques, aucun nominatif disponible"
SASSI IMMOBILIER Agence Immobilière Indépendante,Léo SASSI,contact@medimmoconso.fr,none,"emails trouvés mais tous génériques, aucun nominatif disponible"
SCAN IMMOBILIER,Laurence LEMELTIER (Gendronneau),agence@scan-immobilier.com,none,"emails trouvés mais tous génériques, aucun nominatif disponible"
SDEP Immobilier,Damien PENEZ,bofbruno@yahoo.fr; contact@chateaurenardimmobilier.com; karin.scotto@gni.com; robandfam@hotmail.fr,unmatched,"Aucun des emails candidats ne contient le nom complet, l'initiale+nom ou le nom de famille du gérant."
SDI Les Solutions de l'Immobilier,Mathieu DEIBER,contact@sdimmobilier.fr,none,"emails trouvés mais tous génériques, aucun nominatif disponible"
SEFIC Immobilier,Christophe Durand (président),accueil@sefic.com; transaction@sefic.com,none,"emails trouvés mais tous génériques, aucun nominatif disponible"
Segré Immobilier,Sylvain LEMENAND,bertrand.boccard@gmail.com; segreimmobilier@orange.fr,unmatched,Aucune correspondance fiable trouvée
Senac Gestion,Christophe SENAC,gestion.senac@orange.fr,none,"emails trouvés mais tous génériques, aucun nominatif disponible"
Senac Immobilier,Christophe Senac,gestion.senac@orange.fr; senac.beauchamp@orange.fr; senac.stleu@orange.fr; senac.syndic@orange.fr,cerebras_error,'content'
SERGIMO,"GROUPE AMEN (président de la SAS SERVICE GESTION IMMOBILIER, SERGIMO)",contact@investimo.fr; mediation@vivons-mieux-ensemble.fr; perigueux@investimo.fr,cerebras_error,'content'
SERVIMMO GESTION,Dominique Rebeyrole,,none,aucun candidat : nom/domaine de l'agence introuvable dans le fichier scrapé
Séverine Mangin Immobilier | Agence immobilière Romans-sur-Isère,Séverine FALAISE MANGIN,contact@anmconso.com,none,"emails trouvés mais tous génériques, aucun nominatif disponible"
Skurpel Immobilier,Alain SKURPEL (président ; ancien gérant),aamadori@efficity.com; abernaville@efficity.com; acocquerel@efficity.com; acousin3pct@gmail.com; actionimmo@pilotim.net; acuisinier@meilleursbiens.com; acv@century21.fr; adeline.boidin@pulp-immobilier.fr; ag292272@contact-manager.net; ag311656@contact-manager.net; ag343450@contact-manager.net; ag443470@contact-manager.net; ag590688@contact-manager.net; ag592216@contact-manager.net; ag593911@contact-manager.net; ag620994@contact-manager.net; ag697089@contact-manager.net; ag744389@contact-manager.net; ag762215@contact-manager.net; ag942352@contact-manager.net; agences@immouest-calaisguines.com; aguyonnet@efficity.com; alimmobilierconseil@pilotim.net; alonguepee@efficity.com; amandine.nagy@pulp-immobilier.fr; angelique.ledun@pulp-immobilier.fr; anthony.breton@ocordo-travaux.fr; asecci@efficity.com; asergent@efficity.com; audrey.boussemart@pulp-immobilier.fr; audrey.haubourdin@pulp-immobilier.fr; aurelie.codet@pulp-immobilier.fr; betty.tyrion@pulp-immobilier.fr; c.dubray@newdealimmobilier.fr; ccolleville@efficity.com; charlotte.grislain@pulp-immobilier.fr; charlotteetlaura.immobilier@gmail.com; cloe.plota@pulp-immobilier.fr; contact@omizi.fr; contact@tli-immobier.com; contact@tli-immobilier.com; cryckeboer@efficity.com; cyrille.tetart@pulp-immobilier.fr; david.jodry@pulp-immobilier.fr; davy.deloffe@pulp-immobilier.fr; dcousin3pct@gmail.com; dekeyzerfred@gmail.com; demarezimmo@pilotim.net; dfontaine@efficity.com; dfontaine@gmail.com; dlenglart@efficity.com; dleplomb@efficity.com; dorine.legrand@pulp-immobilier.fr; elea.leveque@pulp-immobilier.fr; emeline.beaudoux@lfimmo.fr; fabien.pero@pulp-immobilier.fr; fbartoli@efficity.com; fgarcia@efficity.com; fkaczmarek@efficity.com; hliot@efficity.com; hponchon@efficity.com; hrousset@efficity.com; idrisbaba@lmdimmobilier.fr; immouestcalais@orange.fr; impactimmobilier@pilotim.net; info@agenceprunier.com; isaaccoulibaly@efficity.com; jkorcz@efficity.com; jmercier@efficity.com; jp.delor@casarese.com; kfenrich@efficity.com; krinesteve@hotmail.fr; lcalmonberdah@efficity.com; leucci-immobilier@orange.fr; leucci@power-immo.com; lhenry@efficity.com; lisa.noyelle@pulp-immobilier.fr; loic.claereboudt@pulp-immobilier.fr; lucas.pante@pulp-immobilier.fr; lwillem@efficity.com; mariedeleuil@yahoo.fr; marjorie.naert@pulp-immobilier.fr; martial59brunet@gmail.com; maryne.perez@pulp-immobilier.fr; mathieu.fornecker@lfimmo.fr; matteo.jodry@pulp-immobilier.fr; mdesconcept@gmail.com; mhoyez@efficity.com; michael.jamin@pulp-immobilier.fr; mpannecocke@efficity.com; n.vunck@maxihome.email; nccolleville@efficity.com; nfgarcia@efficity.com; nlhenry@efficity.com; obloud@efficity.com; pblandin@efficity.com; pleclercq.troispourcent@gmail.com; pvigneau@efficity.com; rdelpage@efficity.com; regis.wysocki@pulp-immobilier.fr; romuald.lecesne@pulp-immobilier.fr; rzouari@efficity.com; scussac3pourcent@gmail.com; shadiouche@laforet.com; sleblanc@efficity.com; sleray@efficity.com; smenart@efficity.com; thibaud.brillouet@gmail.com; thibaud.brillouet@troispourcent.com; thierry.carlier@icom-immobilier.fr; thomas.tricote@pulp-immobilier.fr; tvernier@tli-immobilier.com; valerie.vanlerberghe@action.immo; vanessa.dumortier@lfimmo.fr; vdenturck@efficity.com,cerebras_error,Unterminated string starting at: line 3 column 13 (char 29)
snc immobiliere de normandie l'aigle,Anne-Valérie PREEL,gace@immobiliere-normandie.com; screstaux@inparis-immo.com,cerebras_error,'content'
Société Aquitaine de Gestion,Florent Billière,contact@aquitaine-gestion.com,none,"emails trouvés mais tous génériques, aucun nominatif disponible"
Societe Casteele,Arnaud VAN DE CASTEELE,casteele.gn@orange.fr; casteele.lcolas@orange.fr; casteele.mclg@orange.fr; casteele.rafi@orange.fr; casteele.renoux@orange.fr; casteele.visite@orange.fr; casteele.vpapazian@orange.fr,cerebras_error,'content'
SOGEO.immo,Régine Smée-Sentucq et Laurent Smée,agence@sogeo.immo,none,"emails trouvés mais tous génériques, aucun nominatif disponible"
Speranza Immobilière,Amal Chaouachi,contact@speranzaimmobiliere.com,none,"emails trouvés mais tous génériques, aucun nominatif disponible"
"STELLA PATR'IMMO Agence Immobilière Ajaccio, Sarrola-Carcopino",Stéphanie,contact@stellapatrimmo.com; mail@stellapatrimmo.com; trackingsolutionimmo@gmail.com,unmatched,Aucun email ne correspond au nom complet du gérant
Stephanie Pietracito - kw Forez Vert,Stephanie PIETRACITO,contact@anm-mediation.com,none,"emails trouvés mais tous génériques, aucun nominatif disponible"
Stone & Wood,Lonni Carteron,contact@stoneandwood.fr,none,"emails trouvés mais tous génériques, aucun nominatif disponible"
Sud Europ'Immo,Montalto Nicolas,contact@medimmoconso.fr,none,"emails trouvés mais tous génériques, aucun nominatif disponible"
SUISSE IMMO MAICHE,Daniel JOUILLEROT,contact.maiche@suisse-immo.fr,none,"emails trouvés mais tous génériques, aucun nominatif disponible"
SVM IMMOBILIER,Daria Peltekian (présidente de la SAS),contact@bordeauxparisimmo.com; contact@svmimmobilier.com,none,"emails trouvés mais tous génériques, aucun nominatif disponible"
SWEET HOME IMMOBILIER,Pascal JOLY,agence@sweethome-immo.fr,none,"emails trouvés mais tous génériques, aucun nominatif disponible"
Sylvie Boyer Kw Forez Vert,Sylvie BOYER,contact@anm-mediation.com,none,"emails trouvés mais tous génériques, aucun nominatif disponible"
Tactic immo,Mehdi Bennour (président) ; Philippe Candela (directeur général),accueil@tactic-immo.fr,none,"emails trouvés mais tous génériques, aucun nominatif disponible"
Tardieu Immobilier - À Saint-Tropez depuis 1967,Jean-Philippe DUVAL,contact@tardieu.fr,none,"emails trouvés mais tous génériques, aucun nominatif disponible"
Terence Frank Real Estate | Nice,Patrick SCORTECCI,info@terencefrank.com,none,"emails trouvés mais tous génériques, aucun nominatif disponible"
Terra Capital,Alexandre Augusto et Mickaël Saba,a.viguier@maj-immobilier.fr; contact@terra-capital.fr; courtage@terra-capital.fr; gestion@maj-immobilier.fr; lea.sanchez@terra-capital.fr,cerebras_error,Expecting value: line 3 column 12 (char 28)
TERRES LATINES,Guillaume Claire,,none,aucun candidat : nom/domaine de l'agence introuvable dans le fichier scrapé
THE Immo TIMES,Gouley Bruno,votre@email.com; votre@email.fr; vous@exemple.fr,unmatched,"Aucun des emails candidats ne contient le nom complet, l'initiale + nom ou le nom de famille du gérant."
Tiemo Paris,Marine Cossard,contact@tiemo.paris,none,"emails trouvés mais tous génériques, aucun nominatif disponible"
Tony VANVELTHEM - Agence Immobilière THOUARS,Julien Cominazzi,jacques@martin.com; tony.v@comin.immo,unmatched,Aucune correspondance fiable trouvée
"Tourny Meyer Nantes, Agence conseil en immobilier d'entreprise et commercial en Loire-Atlantique",Morgan Toutdroit,bayonne@tournymeyer.fr; bordeaux@tournymeyer.fr; brest@tournymeyer.fr; lorient@tournymeyer.fr; montpellier@tournymeyer.fr; nantes@tournymeyer.fr; rennes@tournymeyer.fr; toulouse@tournymeyer.fr,unmatched,"Aucun email ne contient le nom complet, l'initiale du prénom + nom ou le nom de famille du gérant."
UN JOUR UN BIEN IMMOBILIER,Nicolas LOUET,contact@unjourunbien.com; contact@unjourunbienimmobilier.fr,none,"emails trouvés mais tous génériques, aucun nominatif disponible"
Vacherand immobilier - Maubeuge,Charlotte VACHERAND,adrien@vacherand.fr; alice@vacherand.fr; b.rozencwajg@vacherand.fr; charlotte.battais@vacherand.fr; charlotte@vacherand.fr; diane@vacherand.fr; jbaillon@vacherand.fr; jp.fichaux@vacherand.fr; laetitia@vacherand.fr; lamarcq.blandine@vacherand.fr; o.dervaux@vacherand.fr; rohann@vacherand.fr; tquenton@vacherand.fr; u.mandiau@vacherand.fr,cerebras_error,'content'
VAL IMMOBILIER Agence de MAISSE,Grégory Hussenay,bertrand.boccard@gmail.com; maisse@val-immo.com,cerebras_error,'content'
Valade Frédéric,Jérémie GALAN,contact@limo.immo; contact@mediateur-consommation-smp.fr; limo.immo87@gmail.com; oceane.limo87@gmail.com; support@agencesprivees.com; valade.limo@gmail.com,unmatched,"Aucun des emails candidats ne contient le nom complet, l'initiale du prénom + nom de famille, ni le nom de famille seul du gérant."
"Valloire Habitat, siège social",Julie EGAL,accession@valloire-habitat.com; achats@valloire-habitat.com; michel.bollinger@orange.fr,cerebras_error,Unterminated string starting at: line 3 column 13 (char 29)
Vendée Habitat,M. SAUSSAYE,agence-bocage-vie@vendeehabitat.fr; agence-sud-est-ocean@vendeehabitat.fr; technique-bocage@vendeehabitat.fr; technique-sud-vendee@vendeehabitat.fr,unmatched,Aucun des emails candidats ne contient le nom du gérant selon les critères définis.
Vesta MB Conseiller immobilier - Achat et vente de biens immobiliers,Morgan Bonnefoy,contact@vestamb.fr,none,"emails trouvés mais tous génériques, aucun nominatif disponible"
VIL'ACT,Anne-Charlotte du TEIL,contact@vil-act.fr,none,"emails trouvés mais tous génériques, aucun nominatif disponible"
Villemont immobilier,Bruce Azoulay,contact-admin@cnpm-mediation-consommation.eu; contact@villemontimmobilier.fr,none,"emails trouvés mais tous génériques, aucun nominatif disponible"
VITAVI SEDEI Compiègne,Sylvain Seguin,accueil.reims@sacclo.fr; contact-beauvais@sedei.fr; location-epernay@sacclo.fr,none,"emails trouvés mais tous génériques, aucun nominatif disponible"
VIVES IMMOBILIER - Capestang,Romain Vives,contact@vivesimmobilier.fr,none,"emails trouvés mais tous génériques, aucun nominatif disponible"
VIVEST - Direction territoriale de Nancy,Jean-Pierre RAYNAUD,communication@vivest.fr; melanie.rosenfeld@vivest.fr; no-reply@vivest.fr,unmatched,"Aucun des emails candidats ne contient le nom complet, l'initiale + nom ou le nom de famille du gérant."
Von Poll Real Estate - Agence immobiliere Luxembourg - Immobilier Luxembourg,Daniel Ritter,c.mueller@outlook.es; frankfurt@von-poll.com; info@von-poll.com; limpertsberg@von-poll.com,cerebras_error,Unterminated string starting at: line 3 column 13 (char 29)
XPERTISIMMO,Yoni CHEKROUN,contact@xpertisimmo.com,none,"emails trouvés mais tous génériques, aucun nominatif disponible"
YOUR NEW HOME,Nadia Bekkouche,contact@your-new-home.fr,none,"emails trouvés mais tous génériques, aucun nominatif disponible"
Zanzi Homes,Steve Mercieca,ask@zanzihomes.com; hello@zanzihomes.com; ismaela@zanzihomes.com,unmatched,"Aucun des emails candidats ne contient le nom complet, l'initiale + nom ou le nom de famille du gérant."
Zuccarelli Immobilier,"Andrea ZUCCARELLI (président, dirigeant légal)",nicegioffredo@artemiscourtage.com; zuccarellimmo@gmail.com,cerebras_error,'content'
